word,freq
항목,6196
장비,5889
정비,4489
설치,3569
품목,3569
부대,2557
납품,2532
립체,2369
자재,2273
부품,2250
사업,2174
지역,2048
체계,1857
유지,1854
보수,1787
의무,1774
외주,1716
연구,1646
긴급,1469
생산,1435
궤도,1375
자주포,1328
위탁,1325
능력,1304
장치,1258
처리,1244
세트,1236
기장,1172
관리,1160
훈련,1140
물자,1132
차량,1048
임차,1034
전차,1029
시설,1028
계약,1027
교체,1025
시스템,1000
일반,947
재료,943
구축,908
통신,871
통합,856
제작,842
수리,839
운영,836
부속,829
리스,804
가스,786
총포,760
폐기물,734
일장,693
펌프,686
밸브,685
교육,654
특수,649
필터,647
소모품,646
조달,643
기용,636
항공,625
수송,611
피복,607
케이블,604
방안,603
물품,602
분석,584
자동,580
민간,570
비품,568
시험,547
발칸,543
신축,524
영상,518
전산,518
지원,515
엔진,507
회로,507
베어링,503
호스,501
공구,497
개발,493
물건,489
비용,487
예비군,487
병원,486
개선,471
발전기,465
장갑,461
제초,460
카드,460
함정,458
검사,448
장갑차,447
공군,447
부식,447
수술,430
안전,429
기동,428
달다,428
용품,428
국방,427
대다,416
체력,408
숙소,405
간부,404
전기,403
디지털,394
공사,393
특무,391
탄약,386
성능,383
목적,383
전술,379
연료,377
기구,375
프린터,371
취사,366
도시락,365
육군,365
전투,365
의료,359
레이더,352
튜브,342
보호,342
항공기,340
인쇄,332
키트,331
후식,330
대대,330
금속,330
정보,326
음식물,323
스위치,321
기술,320
도입,320
잠수함,317
감시,316
경계,313
급식,311
제어,310
타다,302
지휘,302
식당,302
근무,300
타이어,300
의약품,296
조사,296
측정,289
평가,286
발전,282
해군,282
작전,281
배선,278
상용,276
소형,276
측정기,276
덮개,275
국군,275
설계,272
정수기,271
천마,269
도서,267
병리,266
공기,265
물류,264
전력,263
경기,262
액화,261
냉동,260
사격,258
보급,255
사용,255
석유,252
대형,251
고무,250
전원공급기,250
용지,246
해병,245
전지,244
권역,243
쓰레기,243
교환,243
나사,243
노후,242
운용,242
실린더,241
전자,241
경축,238
가공,235
배송,234
행사,233
홍보,232
크다,232
생도,232
복지,226
과학,226
방기,226
밀리,226
통제,223
시뮬레이터,223
방지,222
아파트,221
육성,220
파이프,218
헬기,217
크레인,215
유류,214
환경,214
식기세척기,214
보일러,213
회관,213
스프링,213
청소,211
품류,210
후반기,209
개스킷,208
기재,207
토너,206
음료,204
드론,204
김치,203
투도,202
병영,202
탐지,201
학교,200
방송,198
포장,197
기반,196
탱크,196
기어,195
회전,194
해상,194
표적,194
음식,194
무전기,193
세척,192
연간,192
안테나,192
화물,190
제어장치,189
배터리,188
증식,187
사단,186
발효,186
보관,186
탐지기,183
점검,183
압축기,183
투자,182
유압,180
변환기,179
모의,179
압력,179
야전,179
센터,178
차용,178
선박,178
치과,178
단정,178
소스,177
테러,175
생활관,175
조립,175
자료,175
치료,174
전시,174
도장,174
휴대,170
볼트,170
윤활유,169
가설,169
사이버,169
원단,169
컨테이너,168
정밀,168
화공,168
아이스크림,168
피스톤,167
장병,166
카메라,166
해병대,166
배추김치,165
확인,165
무인,164
방향,163
표준,161
중형,161
공기청정기,158
강원,158
굴착기,157
진단,157
이전,157
관제,157
종합,157
보조,156
오리콘,155
금융리스,155
소요,154
공급,154
수도,154
이동형,153
목재,153
추진,153
페인트,153
교량,152
에어컨,152
축전,151
정기,150
충전,148
분야,148
환자,147
반기,146
유닛,146
자동화,146
광학,145
연결,145
냉장고,145
이동식,144
파병,144
니트,144
비행,144
너트,143
유체,143
계열,143
버스,141
전용,141
시일,140
고압,140
콘크리트,140
절기,138
시기,138
안보,138
대행,138
관사,138
지게차,138
모델,138
장기,137
증폭기,136
먹다,136
지대,136
용기,135
기계,135
트레일러,135
초음파,135
지용,135
기지,134
빵류,134
지뢰,134
오링,133
브래킷,132
클램프,131
오다,131
외부,131
렌탈,131
유지관리,131
조준,130
무선,130
통조림,130
승강기,130
무기,130
단기,130
기능,129
네트워크,129
화학,129
로프,129
서울,128
저장,128
드럼,128
쉘터,128
롤러,128
송풍기,127
설비,127
계산,126
호용,126
석기,126
기관,126
내자,125
외과,125
개량,125
플라스틱,124
오일,124
화생방,124
레이,123
지정,123
창고,123
방화,123
내진,122
전동기,121
표지,121
유압식,121
휘장,121
에어,121
방위,120
지상,120
액체,120
건조,119
전송,119
플러그,119
입영,119
잠수,119
센서,119
소화기,119
축전지,118
위성,117
가계약,116
경쟁,116
실내,116
제거,116
군사,115
생활,115
노즐,115
소화,115
침대,115
자동식,115
기류,115
원가,114
전투식량,114
유해,114
브레이크,114
개다,114
공업,114
개인,114
청락,114
싱크대,113
야간,113
정찰,113
성품,113
혼합,112
산소,112
램프,112
박스,110
봉합,110
고속,109
개편,109
인천,109
선반,109
트럭,109
화재,109
교재,108
수중,108
레이저,108
해파,108
적용,108
전동,107
바나나,106
교실,106
건강검진,106
탑재,106
체류,106
보안,106
가방,105
출입통제,105
작업,105
로드,104
국내,104
여단,104
조종,104
대학교,103
주거,103
약품,103
입력,103
정신,103
완제,102
파일,102
우유,102
수용,102
신체검사,102
주파수,101
병사,101
보강,101
위장,101
방탄,101
훈제,101
군단,101
전원,101
깍두기,100
대전,100
모터,100
복합,99
신호,99
화기,99
자식,98
제독,98
콘텐츠,98
진공,98
가구,98
하다,97
라이스,97
동기,97
모델링,97
선행,97
작동,97
미래,97
영향,96
신형,96
패드,96
운반,96
상자,96
중대,96
결기,96
슬리브,96
예비,96
비호,95
자산,95
충전기,95
교전,95
디젤,95
천막,95
국제,94
방공,94
과일,94
보다,94
복사,93
조각,93
다기,93
소음,93
케이크,93
배다,92
디스플레이,92
엘리,91
음향,91
테이프,91
소시지,91
생수,91
모니터,91
압축,90
작업대,90
안경,90
재고,90
박격포,90
카트,90
활용,90
디젤엔진,89
양산,89
건설,89
기념,89
브리핑,89
실험,89
차륜,89
벨트,89
계기,88
학습,88
동력,88
시약,88
사격장,88
어댑터,88
디스크,88
폐수처리,88
상황,87
유도탄,87
통신체,87
뜨다,87
정수,87
렌치,87
선체,87
튀김,87
연습,87
시경,86
전장,86
집적회로,86
감자,86
창호,86
정복,86
군수,86
서버,86
테이,86
청소용역,85
의자,85
어묵,84
수집,84
보험,84
커버,84
비금속,84
업무,84
유도,84
계전기,84
가공품,84
운송,84
활주로,83
먼트,83
사령부,83
전투복,83
송신기,83
밉다,83
백령도,82
인조잔디,82
호미,82
알루미늄,82
모듈,82
수신기,82
닭다리,82
구류,82
코스,81
재생,81
교과서,81
전파,81
헬멧,81
주년,81
기상관측,80
리프트,80
적외선,80
방제,80
실습,80
원심,80
오수,80
폐수,80
도용,80
헤드,79
조끼,79
차단,79
기타,79
수시,79
방탄복,79
급유,79
기금,79
클러치,79
육로,78
제등,78
수처리,77
부분,77
합성수지,77
포병,77
패널,77
케익,77
세탁기,77
견인,77
잉크,77
라이선스,76
식육,76
계획,76
탄약고,76
패킹,76
냉각,75
장구,75
전문,75
정보화,75
중앙,75
흡입,75
감지기,75
이송,75
노트북,75
배낭,74
개념,74
방수,74
상륙,74
초코,74
게이지,74
외상,74
멸균,73
엘보,73
정책,73
양념,73
임대,73
시트,73
라이트,73
경유,72
기준,72
프레,72
직접,72
커플링,72
울타리,72
인터넷,72
망원경,71
병력,71
대용,71
무기체계,71
서비스,70
스마트,70
장교,70
발생,70
고정,70
프로그램,70
표시,70
핸드,70
인승,70
탐조등,70
상병,69
전대,69
굴삭기,69
문화,69
전자전,69
화상회의,69
체인,69
소켓,69
세탁,68
접속,68
감리,68
번역,68
드릴,68
바퀴,68
화장실,68
돈까스,67
방위사업청,67
경찰,67
케이스,67
혈액,67
감속,67
발사,67
해외,66
소총,66
비디오,66
보장,66
국가,66
절용,66
한국,66
함대,66
비상,66
국외,66
매트,65
불고기,65
위치,65
대구,65
워터,65
구조,65
단말기,65
연동,65
손잡이,64
무장,64
운동복,64
조기,64
대응,64
인치,64
수행,64
식단,64
해안,64
얼음,64
허브,63
마스크,63
이스트,63
감지,63
백색,63
콜라,62
모바일,62
기본,62
계통,62
소독기,62
평면형,61
컴퓨터,61
도구,61
조명기구,61
다수,61
주파,61
그린,61
전압,61
획득,61
수입,61
합금,61
운동,61
트랙,61
유전자,61
습기,61
풋살,61
식품,60
예방,60
동영상,60
부스,60
리기,60
치다,60
방산,60
폭발물,60
강원도,59
항법,59
가지,59
체크,59
전반,59
청력,59
테이블,59
전세버스,59
의뢰,59
기록,59
기상,59
보존,59
현장,58
지능,58
지지,58
원형,58
경남,58
소개,58
조명,58
제도,58
새우,58
시동,58
관련,58
전군,58
프로펠러,58
수사,58
온수,58
방한,57
용접,57
계룡,57
카트리지,57
관용,57
한빛부대,57
관찰,57
작다,57
전화기,57
무인항공기,57
코로나,57
추진기,57
건물,57
접촉,57
유리,57
밴드,56
판등,56
전달,56
방탄헬멧,56
행정,56
원심분리기,56
터빈,56
동계,56
권총,56
가죽,56
골재,56
가열,56
변압기,56
와이어,56
코팅,56
소독,55
비료,55
추가,55
기일,55
커피,55
호정,55
도하,55
국방부,55
여과기,55
솔레노이드,55
개스킷등,54
식용,54
조미,54
정화,54
핫바,54
온도,54
음성,54
강화,54
남부,54
마카롱,54
포함,54
고정식,54
군악,54
전화,54
포기,54
배출,54
판넬,54
특정,54
헌병,53
마시다,53
무정,53
근속,53
실리콘,53
종이,53
공병,53
군용,53
골프,53
파운드,53
곡사포,53
패티,53
위협,53
스캐너,53
소프트웨어,53
헤드셋,53
푸딩,53
선형,52
냉각기,52
젤리,52
차다,52
책임,52
자산성,52
도서관,52
방사선,52
학군,52
선기,52
농약,52
나선형,52
치부,52
접착,52
이동,52
제어기,52
적기,52
세탁물,52
난방,52
경보,51
거기,51
비닐,51
군인,51
산업,51
전선,51
저항기,51
감정,51
부수,51
지형,51
컨설팅,51
공유,51
합동,51
방열기,51
속도,51
체육,51
리드,50
공표,50
조절,50
검증,50
소방시설,50
취급,50
승용차,50
추적,50
마트,50
조직,50
인체,50
변속기,50
하부,50
수정,50
악기,50
기초,50
앵글,50
밀폐,50
처리기,50
자다,50
적재,49
과제,49
트랜지스터,49
방호,49
총기,49
발굴,49
봉투,49
수동식,49
가솔린,49
전략,49
신궁,49
차단기,48
기록물,48
조정,48
축전기,48
블록,48
탐색,48
소제,48
킷트,48
두부,48
냉동고,48
예산,48
수첩,48
선수,48
멀티,48
급수,48
절연,48
학기,48
건조기,48
소방,48
자기,47
레버,47
콩나물,47
받침,47
고성능,47
김장,47
사무,47
관측,47
다중,47
반도체,47
술기,47
장용,47
인쇄기,47
바닥,47
링크,47
당면,46
절단,46
송수,46
상가,46
효율,46
데이터,46
유조차,46
업체,46
원용,46
접기,45
대기,45
개조,45
짜다,45
치즈,45
북부,45
양극,45
신규,45
와이퍼,45
특전사,45
병기,45
경량,45
고도,45
자격,45
제습기,45
플랫폼,45
정보통,45
타일,45
형식,45
뚜껑,45
내시경,45
부싱,45
에너지,44
유량,44
간장,44
떡볶이,44
냉동기,44
건강,44
직선형,44
팥빙수,44
수직,44
계룡대,44
기압,44
수립,44
분말,44
타이,44
후드,44
부하,44
공산품,44
호텔,44
건빵,44
드레싱,44
열무김치,44
딸기,43
방독면,43
책상,43
청수,43
오실로스코프,43
천궁,43
렌즈,43
가다,43
불가,43
주입,43
참치,43
낙하산,43
브러쉬,43
비류,43
요구,43
과자,43
대회,43
쇠고기,43
보드,43
확보,43
적정,42
검정,42
보온,42
인증,42
동명부대,42
진동,42
교정,42
이음,42
흡수,42
프로젝터,42
수배,42
다련장,42
라인,42
군위,42
분전,41
트랙터,41
어육,41
스파,41
재난,41
석면,41
여군,41
소용,41
생물학,41
용등,41
인용,41
임무,41
사료,41
보트,41
고도화,41
휀다,41
마스트,41
모래,41
화상,41
무늬,41
도어,41
카레,40
무선주파수,40
강등,40
워게임,40
스펙트럼,40
후속,40
추출,40
생선묵,40
컨퍼런스,40
수기,40
정렬,40
소자,40
탄산음료,40
고추,40
계류,40
서부,40
소음기,40
이산화탄소,40
군견,40
이드,40
자운대,40
파김치,40
효과,40
연막,39
칼라,39
차기,39
호흡,39
조인트,39
전개식,39
회수,39
분리,39
입다,39
레벨,39
신병,39
시범,39
섬유,39
우의,39
연대,39
호흡기,39
상호,39
공용,39
후보,39
결합체,39
교차,39
풍향,39
응급처치,39
글로브,38
루프,38
장성,38
심전도,38
김해,38
어린이집,38
무전,38
체육관,38
밀봉,38
탁상,38
편집,38
주둔지,38
방한복,38
질소,38
전라,38
택배,38
화포,38
어류,38
만족도,38
패트리어트,37
육군훈련소,37
풍속,37
코트,37
육상,37
기관총,37
히터,37
지류,37
자율,37
표준화,37
배상,37
경기장,37
합성,37
후방,37
내부,37
소모,37
평형,37
형광,37
신용,37
완충,37
수제비,37
용량,37
원정,37
머신,37
포렌식,36
등용,36
비자,36
고정기,36
흉부,36
인제,36
식기,36
청동,36
민사,36
기기,36
분쇄기,36
동원,36
해물,36
방진,36
구역,36
포신,36
현미경,36
인공,36
총각김치,36
집다,36
면류,36
지반,36
돼지,36
독기,36
경북,36
접착제,36
스프레이,36
플랜,35
본체,35
로켓,35
구리,35
유황,35
깔다,35
사기,35
쿠키,35
심장,35
중계,35
공연,35
본부,35
차원,35
구입,35
차폐,35
구난,35
절연체,35
이다,35
확성기,35
성형,35
부속품,35
수액,35
대체,35
건전지,34
붕대,34
식혜,34
기소,34
일회용,34
연장,34
철판,34
분배,34
모범,34
전투화,34
목상자,34
핫도그,34
사진,34
부다,34
밧데리,34
중계기,34
취약점,34
전광판,34
스퍼형,34
활동,34
봉등,34
마개,34
스타,34
왕복,34
의장,34
비빔,34
임플란트,34
아이스,34
기름,34
자주,34
여과,34
판독,34
갓김치,34
리치,34
크림,34
자동차,34
해양,34
계급,34
정립,34
순환,34
젓갈,34
구명,33
공관,33
추다,33
향상,33
부교,33
쌀국수,33
골뱅이,33
아세틸렌,33
묶음,33
시래기,33
앰프,33
임시,33
전관,33
방사,33
사복,33
인력,33
단가,33
머리,33
고소,33
레일,33
징류,33
미트볼,33
연평도,33
부력,33
춘천,33
가락국수,33
달력,33
철거,33
삼겹살,33
분해,33
장보고,33
성과,33
자장면,33
리먼,33
기뢰,32
컬러,32
독수리,32
하늘,32
텐트,32
판매,32
연구개발,32
박판,32
물탱크,32
만두,32
명찰,32
통풍,32
피아,32
조림,32
바벨,32
출력,32
지단,32
실용,32
가루,32
감시카메라,32
판형,32
조미료,32
등기,32
추석,32
퓨즈,32
학술,32
협력,32
창설,32
리튬전지,32
복구,32
면봉,32
식량,31
스티커,31
샌드형,31
홍보물,31
침구,31
팔레트,31
견인차,31
단화,31
체용,31
캡슐,31
주스,31
쿨러,31
일체,31
상륙정,31
재포,31
설치다,31
스파이더,31
에폭시,31
순두부,31
마네킹,31
단안,31
화면,31
제사,31
하네스,31
정제,30
세미나,30
기중기,30
토크,30
교통,30
교류,30
냉각제,30
콘형,30
상부,30
그리스,30
건축,30
파워,30
근거리,30
수질검사,30
신관,30
진지,30
경비,30
수소,30
미리,30
면역,30
변속,30
번하다,30
함포,30
코일,30
복제,30
탕수육,30
이동용,30
기체,30
차세대,30
알곤,30
보호대,30
작성,30
배기,30
속기,30
서류,30
계란,30
햄버거,30
공고,30
손질,30
독신,29
실링,29
음압,29
장판,29
홍천,29
다용,29
필름,29
발간,29
완충기,29
혁신,29
공정,29
승용,29
항공관제,29
판류,29
크리,29
고리,29
워크스테이션,29
무대,29
리용,29
고추장,29
모자,29
마기,29
스프,29
환상,29
문서,29
윈도우,29
외곽,29
링등,29
쫄면,29
이용,29
상업,29
초기,29
모형,29
지구,29
잠망경,29
토양오염,29
타운,29
단무지,28
검색,28
응급,28
수명,28
실외,28
고구마,28
뭉치,28
장간,28
도로,28
빙기,28
셔츠,28
부착,28
탈착기,28
녹색,28
플라이,28
고양,28
촬영,28
스틸,28
어뢰,28
계산기,28
선글라스,28
락카,28
수산물,28
날개,28
백김치,28
임펠러,28
실시,28
합기,28
게맛살,28
사다리,28
정전,28
춘추,28
무인기,28
외국어,28
폴리우레탄,28
전세,28
감응,28
지령,28
생선,28
잉곳,28
건축물,28
경기도,27
보충,27
방역,27
스크린,27
최종,27
스코프,27
사이다,27
국군의날,27
드라이브,27
강릉,27
전단,27
기관단총,27
체촌,27
상무대,27
미디어,27
도배,27
블럭,27
제동장치,27
파카,27
합판,27
다이오드,27
샌드,27
흑색,27
특수작전,27
치조,27
빅데이터,27
라벨,27
슬링,27
파편,27
헬륨가스,27
기억,27
마봉,27
무한,27
펄스,27
원격교육,27
상의,27
충청권,27
커튼,27
용제,27
돌격,27
우주,27
풍속계,27
하프,27
역사,27
효소,27
영내,27
온도계,27
저격,26
철제,26
현궁,26
와이어로프,26
주기,26
우레,26
사각,26
게이트,26
살수차,26
잠그다,26
간단,26
창정,26
폭음,26
토키,26
탄두,26
시계,26
말뚝,26
정보보호,26
기획,26
치킨,26
식탁,26
지환,26
돈가스,26
암호,26
외투,26
검토,26
작업복,26
선정,26
군악대,26
제트,26
들것,26
파라핀,26
옷장,26
전쟁,26
캐비넷,26
저울,26
수압,26
복사기,26
공기조절,26
된장,26
미끄럼,26
온나라,26
차축,26
구명정,26
자원,26
음원,26
심해,26
미세,26
레펠,26
항해,26
중량,26
공중,26
마약,26
산불,26
무선통신,26
설날,26
교대,25
리더십,25
냉각수,25
체험,25
플레이,25
특식,25
아크,25
전환,25
충격,25
덤벨,25
가스터빈,25
충남,25
좌석,25
수거,25
항행,25
야채,25
군무원,25
스파게티,25
등뼈,25
숙영,25
제주,25
양주,25
전산기,25
등유,25
군장,25
유출,25
진화,25
폭파,25
수성,25
포구,25
봉인,25
일등,25
로봇,25
취득,25
스폰지,25
지기,25
생일,25
쇼핑,25
회의,25
걸이,25
플랩,25
철조망,25
방전,25
모타,25
사후,25
리셉터,24
세종,24
기념품,24
거치,24
모집,24
파노라마,24
철재,24
착용,24
콘솔,24
갑판,24
사다,24
베이스,24
해수,24
특성,24
조리,24
메타,24
열기,24
드라이버,24
축산물,24
수선,24
시료,24
견과류,24
접이식,24
주식,24
마이크로폰,24
산악,24
청소기,24
직무,24
운전,24
오버헤드,24
국솥,24
사관학교,24
교란,24
포천,24
병장,24
캐비닛,24
매트리스,24
훈련병,24
조종사,24
위생,24
구성,24
사교,24
그로,24
역량,24
품다,24
비행단,24
받다,24
지상군,24
핀등,24
부산,24
일반의약품,24
수류탄,24
통용,24
신발,24
육훈소,24
파렛트,24
레쉬,24
호크,24
디지털화,24
대화,23
탐방,23
하이브리드,23
경보기,23
고려,23
가이드,23
대한민국,23
교과목,23
가부,23
바디,23
독서,23
반창고,23
고정용,23
등화,23
광택,23
햄슬,23
돼지고기,23
단자,23
장류,23
엘보등,23
광복절,23
덕트,23
제헌절,23
장전,23
복류,23
초콜릿,23
직할,23
진료,23
녹화,23
공통,23
티셔츠,23
콘도,23
디자인,23
용수철,23
항공우주,23
마대,23
대한,23
샐러드,23
눈금,23
영구,23
지명,23
공동,23
개폐,23
거리,23
단체,23
도넛,23
구부,23
자장,23
프레임,23
삼각대,23
전복,23
염기서열,23
수영,23
컨베이어,23
희다,23
절약,23
예측,22
유기,22
군책,22
하우스,22
간격,22
시추,22
흡인,22
지붕,22
경비정,22
함유,22
국수,22
개정,22
함수,22
배관,22
사자,22
갈래,22
항만,22
주물,22
오븐,22
시리얼,22
확대,22
패킹등,22
과채,22
중소,22
개수,22
마스터,22
여객,22
포장재,22
김포,22
유조,22
원통,22
진압,22
광케이블,22
현재,22
두건,22
서북,22
특근,22
사병,22
식별,22
파레트,22
분무기,22
오렌지,22
축구,22
나비,22
장력,21
방법,21
주야,21
은행,21
간성,21
호국,21
파다,21
침투,21
표면,21
제품,21
전자제품,21
복합기,21
청진기,21
수술대,21
안면,21
금속탐지기,21
카본,21
자석,21
외피,21
냉온,21
산정,21
가제,21
평판,21
작동기,21
기다,21
점화,21
주머니,21
형광등,21
리튬,21
무용,21
비빔냉면,21
유수,21
수평,21
한마음,21
연결봉,21
세면장,21
카키색,21
신발장,21
분광,21
동복,21
윈치,21
게이,21
중요,21
주류,21
초도,21
딩기,21
토성,21
기간,21
유니버설,21
부싱등,21
도금,21
볼펜,21
버섯,21
지속,21
간행물,21
전력계,21
냉장,21
볶음,21
진행,21
피해,21
교범,21
전통,21
손목시계,21
황동,20
수레,20
산업혁명,20
사포,20
혈압,20
중심,20
연기,20
육류,20
전지원,20
경고,20
무청,20
명분,20
포트,20
폭탄,20
사과,20
니켈,20
방청,20
새다,20
마봉강,20
연마,20
대등,20
힌지,20
교관,20
진기,20
재목,20
공장,20
매입,20
탄창,20
어제,20
우수,20
자이로스코프,20
유압용,20
세균,20
퇴치,20
사지,20
삽입,20
주방,20
수준,20
업자,20
프리,20
강도,20
사고,20
격발,20
현대,20
에나멜,20
포류,20
격통,20
귀마개,20
튀기다,20
방위산업,20
방어,20
외국,20
어셈블리,20
수상하다,20
프라이머,20
안정,20
마취,20
친환경,20
투광,20
간섭,20
전남,20
복용,19
우측,19
기동대,19
비석,19
검진,19
정물,19
비누,19
순회,19
일용,19
홀더,19
라스트,19
오리,19
페이,19
리벳,19
함평,19
의학,19
생기,19
내화,19
가전제품,19
학과,19
제한,19
조향기,19
스킷,19
기록관리,19
미소,19
항전,19
요소,19
기정,19
쿠션,19
하이힐,19
엘리베이터,19
누르다,19
개인화기,19
조류,19
그레이,19
온라인,19
신설,19
안티,19
국문,19
숙성,19
발광,19
오이소박이,19
백업,19
엑스,19
중거리,19
채소,19
위성영상,19
자켓,19
밀링머신,19
휠용,19
가온,19
고공,19
장화,19
토핑,19
빙과,19
샌드위치,19
욕조,19
전류,19
막대,19
시행,19
곤색,19
공포,19
무선망,19
탑승,19
브라켓,19
전진기,19
코드,19
역삼투,19
통한,19
손상,19
무관,19
방열,18
운동화,18
구등,18
통화,18
음파,18
감정평가,18
표창장,18
부탄,18
청주,18
다이얼,18
포경,18
창조,18
생물,18
흡착,18
세척제,18
수산화,18
보우,18
치장,18
프린트,18
스티,18
도화,18
콘덴서,18
무공훈장,18
제로,18
순대,18
주석,18
청국장,18
변화,18
구명구,18
빌다,18
연합,18
석용,18
의장대,18
가능성,18
진찰,18
프로,18
증축,18
물다,18
구동,18
황산,18
여성,18
계단,18
응축,18
작용,18
냉매,18
대기오염,18
타월,18
방사성,18
축압기,18
연평,18
매실,18
배양기,18
철선,18
셋트,18
메인,18
보기,18
지혈,18
첨단,18
주사,18
탄력,18
직류,18
발기,18
학사,18
교구,18
규격,18
감독,18
이비인후과,18
참깨,18
유가족,18
클립,18
압력계,18
유성,18
분류,18
스테레오,18
시험대,18
따르다,18
사수,18
제청,18
무릎,18
이중,18
출입문,18
여행,18
구축함,18
팔꿈치,18
정기용,18
시찰,18
인원,18
광주,18
저항,18
조물,18
켓류,18
클라우드,18
군사시설,18
교육장,18
지퍼,17
파이,17
전신,17
한글화,17
학군단,17
타당성,17
간이,17
활성탄,17
멜빵,17
영화,17
군직정,17
비빔밥,17
추기,17
즉각,17
고급,17
동시,17
릴리,17
일링,17
플런저,17
경상,17
안과,17
시력,17
프로젝트,17
요구르트,17
원추,17
생화학,17
손원일,17
포털,17
철사,17
마루,17
대류,17
체외,17
비타민,17
선등,17
잠바,17
닦다,17
통신망,17
윤형,17
하운,17
신체,17
소규모,17
품질,17
상장,17
진술,17
도청,17
가위,17
프로판,17
컨버터,17
글레이,17
제동기,17
동부,17
건립,17
촬영기,17
산출,17
계측장비,17
그리다,17
삼일절,17
물냉면,17
폭약,17
스텐,17
펀치,17
거제,17
경요,17
압박,17
접합,17
데스크톱,17
인양기,17
강선,17
대상,17
병상,17
증언,17
세제,17
시체,17
필수,17
방폭,17
입구,17
상층,17
식초,17
카바,17
떡국,17
인화점,17
안내,17
컨벤션,17
휀스,17
신정,17
열선,17
중장비,17
물통,17
간판,17
비파괴검사,17
오스,16
캐패시터,16
대비,16
순간접착제,16
기갑,16
수원,16
워크숍,16
침해,16
세라믹,16
접근,16
주름,16
육각형,16
거울,16
스피커,16
인화지,16
팽창,16
박물관,16
인버터,16
정비공,16
우프,16
버클,16
안전모,16
마일,16
협조,16
보고,16
고무밴드,16
은마,16
바스,16
아이,16
출입,16
수위,16
포탑,16
교도소,16
울산,16
소켓렌치,16
적다,16
인식표,16
가스총,16
알미늄,16
탄도,16
윈드,16
어깨,16
부유,16
혈구,16
공군교육사령부,16
인서트팁등,16
사관,16
임용,16
참모총장,16
샤워,16
소파,16
군종,16
마요네즈,16
피콜로,16
폐쇄망,16
까스,16
강설,16
스테이,16
좌측,16
부동액,16
목티,16
테스트,16
환의,16
조경,16
레이크,16
깻잎,16
보병,16
원격검침,16
코어,16
객실,16
플러스,16
중합,16
성탄절,16
휴대폰,16
결핵,16
황태,16
진급,16
스토리,16
탁구,16
냉면,16
스모크,16
봉제,16
레이져,16
소변,16
플렌,16
관절,16
정류기,16
소나,16
베다,16
보도,16
과고,16
삼정,16
고용,16
대차,16
무균,16
단일,16
특전,16
폭띠,16
강의,16
무치다,16
신속,16
계수,16
오이,16
자물쇠,15
제창,15
심폐소생술,15
메다,15
모뎀,15
비행장,15
증거,15
정단,15
교육사,15
유럽,15
미술대전,15
십자,15
추공,15
적색,15
다리,15
스턴,15
일드,15
접점,15
격자,15
조난,15
운항,15
미니,15
요거트,15
격리,15
재다,15
집기,15
응용,15
드라이,15
랜턴,15
연어,15
한미,15
스키,15
윤곽,15
원주,15
유선,15
서초,15
엔진오일,15
전식,15
수지,15
수면,15
구간,15
축용,15
테프,15
결박,15
스낵,15
제논,15
컨텐츠,15
자판,15
지방,15
슈퍼,15
자극,15
부양,15
용붓등,15
호기,15
브러시,15
용수,15
양기,15
기공,15
마찰,15
헬륨,15
가입,15
칸막이,15
의식,15
발광다이오드,15
피클,15
지도,15
솔류,15
준용,15
비교,15
이송정,15
계수기,15
좋다,15
핵심,15
형기,15
공압기,15
밋션,15
파인애플,15
복무,15
콤비,15
유지비,15
사실,15
화류,15
안전벨트,15
영상편집,15
시공,15
비트,15
이미지,15
지식,15
교역,15
절충,15
연습장,15
반응,15
사출,15
경미하다,15
계용,15
모래주머니,15
고객,15
기도,15
기숙사,15
승압,14
하반기,14
일동,14
미스트랄,14
감항,14
스테인리스,14
흑산도,14
신기,14
시멘트,14
침전,14
기부,14
구형,14
정식,14
계취,14
경호,14
시간,14
정구,14
조명등,14
대검,14
연막탄,14
신병교육대,14
내외,14
팝콘,14
충북,14
해머,14
하이,14
동운,14
라면,14
가드,14
만능,14
나일론,14
마이크로,14
기자,14
욕기,14
유통,14
고단,14
체인톱,14
범퍼,14
용무,14
화강석,14
측량,14
페어,14
부트,14
전투조끼,14
몸체,14
데스크,14
초코렛,14
먼지,14
마을,14
기분,14
양면,14
아마추어,14
속정,14
무반동총,14
맞춤,14
유리창,14
스크루,14
챔버,14
침낭,14
포용,14
걸레,14
폐지,14
에이,14
방충,14
제설,14
메추리,14
키위,14
스팀,14
유제품,14
대청도,14
연천,14
선저,14
정리,14
처치,14
진로,14
유두,14
정비사,14
담요,14
표창,14
외진,14
야자,14
보체,14
원함,14
외자식,14
정모,14
착륙,14
구내,14
종합정보시스템,14
인정,14
제외,14
포스트잇,14
수신,14
재활용,14
김자,14
폴리,14
로더,14
선용,14
실드,14
링류,14
웨이,14
절임,14
과학기술,14
연금,14
방패,14
가격,14
갈등,14
세다,14
축산,14
소갈비,14
피자,14
유압유,14
특대,14
술용,14
강용,14
악성코드,14
가요,14
책자,14
격납고,14
옥수수,14
태양광,14
레진,14
수료,14
탄통,14
스햄,13
감사,13
유공,13
족발,13
황실,13
내장,13
수동,13
잔디,13
패킹류,13
내용,13
구함,13
함안,13
걸쇠,13
한식,13
저온,13
삽관기,13
파우더,13
부사관,13
수통,13
임목,13
오토,13
관통,13
현상,13
블랙박스,13
부두,13
이불,13
기법,13
모포,13
구서,13
소면,13
반합,13
보스,13
삼계탕,13
텔레비전,13
국민,13
녹음,13
갈비,13
처리장치,13
속도계,13
밥솥,13
채다,13
접속기,13
마크,13
쉘타,13
척추,13
마이크,13
권선,13
합참,13
멈치,13
호로,13
비궁,13
스페이,13
용다,13
교육과정,13
철도,13
조건,13
떡류,13
판석,13
가변,13
관성,13
중소기업,13
사거리,13
주유,13
연쇄반응,13
미러,13
의료기기,13
편성,13
표지판,13
생물학무기,13
인명구조,13
리터,13
상용구,13
대공포,13
전면,13
비엔나,13
타이어체인,13
재질,13
조종간,13
기아,13
연조직,13
중압,13
기보,13
목발,13
모으다,13
약재료,13
이러닝,13
크로마토그래피,13
발판,13
사막,13
샤후트류,13
자선,13
사탄,13
욕지도,13
폭발,13
임피던스,13
결정,13
발송,13
출타,13
특별,13
양념장,13
휘발유,13
라이센스,13
비다,13
정훈,13
스포츠,13
토시,13
회의실,13
잔류,13
슬라이드,13
누설,13
티비,13
실전,13
옥외,13
결함,13
투명,13
연구소,13
땅콩,13
지다,13
오버,13
노고,13
침해사고,13
사랑,13
위험,13
분할,13
컵밥,13
통로,13
멸치,13
앞치마,13
슬러지,13
스탠드,13
유용,13
변환,13
아연,13
토양,13
열교환기,13
매몰,13
과정,13
재건,13
비데,13
전자칠판,13
반사경,13
장거리,12
인장,12
필라멘트,12
직립,12
전계,12
대학,12
래커,12
상피,12
충혼,12
데크,12
영선,12
함박스테이크,12
디지털카메라,12
차돌박이,12
의기,12
항체,12
스위트콘,12
강안,12
믹서기,12
캠프,12
지원기,12
아웃,12
자등,12
치즈스틱,12
현실,12
차광,12
범죄,12
낙지,12
나오다,12
씻다,12
덧신,12
강당,12
환통,12
송탄,12
아세톤,12
위병,12
상품,12
모리,12
방출,12
사관생도,12
증설,12
배추,12
고글,12
개장,12
경진,12
주변,12
안전성,12
국기,12
차양,12
비실,12
정보통신망,12
논산,12
감염,12
로우,12
부평,12
토사,12
인젝터,12
결속,12
위생용품,12
캐다,12
방독마스크,12
직부,12
기호,12
버너,12
쌈무,12
밋등,12
브로,12
배수,12
주다,12
몸통,12
스킨,12
잠복,12
최신,12
철도대,12
컨트롤,12
국자,12
두유,12
마운트,12
미세먼지,12
자살,12
행복,12
인터,12
나프탈렌,12
관물함,12
박달,12
랩핑,12
바닥재,12
마후라,12
키폰,12
등심,12
소청도,12
구현,12
문제,12
태극기,12
클렘프류,12
신뢰,12
오염,12
상권,12
도우미,12
마가렛,12
클린,12
가시,12
체육복,12
이발,12
위임,12
개척,12
패킹용,12
스웨터,12
서귀포,12
테스,12
어부,12
휠타류,12
점안액,12
네트,12
송수신기,12
공물,12
고무장갑,12
질량분석기,12
수관,12
양성,12
접다,12
유래,12
비밀,12
통류,12
슬라이딩,12
내연기관,12
음기,12
동물,12
성폭력,12
티라미수,12
분사,12
응집,12
증류수,12
부표,12
승진,12
음주,12
양송이,12
사이버전,12
안식,12
납기,11
황색,11
헬프,11
테니스장,11
절차,11
탄성,11
블랙이글스,11
베드,11
구충,11
접지,11
조종수,11
할로겐,11
학생,11
탄소강,11
전북,11
실제,11
감소,11
반면,11
영양,11
비행기,11
식비,11
사전,11
전방,11
메달,11
강체,11
착색,11
소송,11
방수형,11
크류,11
충청,11
숫자,11
화천,11
출근,11
병과,11
용도,11
고도계,11
해성,11
균형,11
약실,11
체결,11
패류,11
부시,11
예광탄,11
민원,11
잉크젯,11
청룡,11
포수,11
가평,11
들다,11
재해,11
대조,11
파쇄,11
주제,11
이글루,11
견장,11
역다,11
작업장,11
덩어리,11
짜장,11
해체,11
되다,11
꽂다,11
학군사관,11
승조,11
신문,11
로타리,11
임팩렌치,11
상륙작전,11
펠트,11
군직,11
전압계,11
공항,11
구경,11
황도,11
안전교육,11
제정,11
공기조화기,11
도기,11
충격파,11
지하,11
문화재,11
유차,11
도보,11
대포,11
화제,11
덮다,11
금곡,11
에어로졸,11
마이크로필름,11
라이닝,11
페스티벌,11
포자,11
콘센트,11
유부,11
교안,11
니트릴,11
자외선,11
자자기,11
코킹,11
굴소스,11
팬티,11
핵용,11
업그레이드,11
순찰,11
베개,11
겸용,11
첨가제,11
땅굴,11
화학자,11
가속도계,11
송신,11
전자파,11
농산물,11
예인,11
볼베,11
농축액,11
캐디,11
자체,11
살햄,11
투시,11
모조,11
거즈,11
정품,11
녹음기,11
건포도,11
렌치용,11
장의,11
극기,11
윤전,11
침입,11
심사,11
워리어,11
조성,11
해사,11
시각,11
부용,11
장염,11
비요,11
관등,11
피팅,11
듬콩,11
규모,11
홈페이지,11
어리다,11
핸들,11
특수전,11
진용,11
치킨너겟,11
격실,11
상반기,11
마포,11
잠수복,11
충성,11
악용,11
청사,11
작사,11
인사,11
프로펠라,11
가든,11
단호박,11
표본,11
관류,11
캡사이신,11
탄피받이,11
리본,11
기반시설,11
흉장,11
에이스,11
폐용,10
필요성,10
패치,10
스위퍼,10
참고도서,10
의상,10
기호식품,10
시사,10
공수,10
기질,10
티슈,10
사례,10
동화,10
세이,10
제기,10
군기,10
스텝,10
유탄,10
쏘다,10
채류,10
소각,10
기계화,10
까나리,10
참가,10
토글용,10
액젓,10
러닝,10
응결,10
소식지,10
하늘색,10
절식,10
유감,10
시청각,10
실태,10
차폐용,10
폴리머,10
조명탄,10
훈비,10
수영복,10
데리야끼,10
골절,10
자산운용,10
샤후트,10
칠리소스,10
소고기,10
아크용접,10
바인더,10
장조림,10
육포,10
자연석,10
설정,10
철상,10
동정,10
화차,10
감귤,10
병참,10
통장,10
광대역,10
샤프트,10
부대찌개,10
간호,10
연속,10
포탄,10
서스펜션,10
우동,10
동식,10
채취,10
독신자,10
매설,10
금식,10
포럼,10
초코우유,10
공역,10
케이,10
통증,10
검문소,10
침상,10
유격,10
런닝머신,10
교보,10
재정,10
인쇄소,10
야외,10
무열,10
아르곤,10
카페,10
비닐봉투,10
가칭,10
수질,10
관계,10
상온,10
빨갛다,10
차아염소산,10
포켓,10
화장지,10
견학,10
유체정역학,10
역할,10
간접,10
거래,10
탄피,10
활차,10
확대경,10
수탁,10
클리닝,10
간식,10
인터페이스,10
사관후보생,10
피로,10
나라,10
아프다,10
섀클류,10
쇼파,10
독립,10
법령,10
키드,10
결합,10
컴뱃,10
동그랑땡,10
메카,10
피부,10
예술,10
축소,10
인대,10
임관식,10
과자류,10
선회,10
재물,10
배치,10
멀티탭,10
국적,10
서보장,10
트레이닝,10
육수,10
체온조절,10
복원,10
석가탄신일,10
진열,10
버터플라이,10
토목,10
트렉터,10
주강,10
채무,10
플러싱,10
종목,10
개폐기,10
가락지,10
화이트보드,10
스로틀,10
레미콘,10
햄머,10
근접,10
곡부,10
사골,10
사용자,10
전투기,10
요크,10
날치,10
태권도,10
불꽃,10
브라우니,10
치아,10
입원,10
동맹,10
평면,10
구독,10
공간,10
설경,10
헬리콥터,10
매립,10
설탕,10
체제,10
선진,10
중요시,10
국토,10
하복,10
사이트,10
순례,10
유착,10
변국,10
옵셋,10
꼬질,10
삼성,10
학년,10
파스타,10
자관,10
해제,9
브리,9
관조,9
터미날,9
정통,9
신앙,9
대잠전,9
입대,9
육군사관학교,9
치약,9
남다,9
환승,9
소책자,9
수온,9
어학,9
스테이션,9
강좌,9
오디오,9
측면,9
지표,9
엘레,9
피스,9
병실,9
더미,9
배열,9
종교,9
수분,9
헤드폰,9
성과지표,9
에프,9
나이프,9
물질,9
액체산소,9
블라인드,9
민간인,9
바이러스,9
편찬,9
포도주스,9
심등,9
화생,9
포워드,9
보안관,9
신영,9
바코드,9
소보루빵,9
수저,9
체중,9
자녀,9
하용,9
에어쇼,9
캔디,9
방화벽,9
남성,9
분광광도계,9
컬러프린터,9
정육,9
사무실,9
셋및,9
발골,9
일어,9
축등,9
개인정보,9
평시,9
절체기,9
청취,9
법률,9
직하다,9
꽃게,9
열차,9
고순,9
검독수리,9
세포,9
모짜렐라,9
서바이벌,9
국립서울현충원,9
표정,9
유량계,9
성당,9
이지스,9
신호탄,9
초콜렛,9
출장,9
자전거,9
탈출,9
단복,9
기밀,9
장유,9
배율,9
패키지,9
보어,9
단계,9
그룹,9
사계절,9
핵산,9
트등,9
칼럼,9
개방,9
돌리다,9
변전,9
기르다,9
백열등,9
유품,9
슈크림,9
강하,9
커넥터,9
도파관,9
임실,9
염소,9
스틱,9
아크릴,9
가속,9
치킨윙,9
고형,9
브이,9
트릭,9
컨센,9
버팔로,9
재첩국,9
조사분,9
파기,9
정부,9
전용선,9
사이버교육,9
흡연,9
급탕,9
연고,9
펜스,9
한빛,9
수습,9
전화번호,9
신사복,9
그네,9
가연성,9
소염기,9
전운,9
미국,9
모어,9
보호복,9
청상어,9
수산화나트륨,9
글러브,9
열처리,9
센샤,9
전직,9
비차,9
덤프,9
중간,9
선관,9
짐판,9
햄류,9
경연,9
봉고,9
중금속,9
산탄총,9
국방대,9
천공기,9
청락기,9
준비,9
마늘장아찌,9
본관,9
새김,9
참전용사,9
지문,9
무겁다,9
발신기,9
호떡,9
초고,9
휠타,9
저장성,9
라디에이터,9
상담,9
유니온,9
사체,9
황산알루미늄,9
확장,9
건등,9
허다,9
가치,9
추어탕,9
솔루션,9
스마트러닝,9
클리,9
기내,9
크롬,9
토론회,9
피용,9
도계,9
틀다,9
생존,9
오픈,9
바늘,9
도품,9
강철,9
짬뽕,9
토글,9
유교,8
파형,8
수력,8
프라스,8
배액용,8
양강,8
환유,8
의용,8
고성,8
푸다,8
살균,8
망간,8
강습,8
나래,8
베리,8
풀리다,8
씨트류,8
대기실,8
격벽,8
농도,8
이상,8
배식,8
에그타르트,8
탄산,8
신임,8
사류,8
완강,8
추진제,8
등산,8
철매,8
베레모,8
정문,8
놀이,8
해쉬,8
포테이토,8
방염,8
냉방,8
뽑다,8
수도군단,8
이기,8
전극,8
신경,8
풍선,8
사령관,8
투어,8
실례,8
차체,8
포핏,8
스튜디오,8
탈수,8
열전,8
크기,8
등록,8
특기,8
재경,8
기지원,8
레타,8
미군기지,8
종기,8
저압,8
버티다,8
수납,8
노리쇠,8
스텐판,8
우리,8
군사사,8
현안,8
경험,8
서브,8
동행,8
본기,8
칫솔,8
병용,8
심포지엄,8
브레인,8
더블,8
장군,8
토핑형,8
승무원,8
두께,8
무섭다,8
잠립,8
자가,8
사이드,8
감압변,8
실시간,8
섬광,8
이하,8
복식,8
격감,8
식용유,8
전사,8
점퍼,8
청간정,8
응급치료,8
풍기,8
플로터,8
서다,8
선로,8
말라리아,8
아르고스,8
대공,8
부분품,8
진흥,8
대출,8
수도권,8
세면,8
형제,8
액자,8
납땜,8
신변,8
벤치,8
강하다,8
닭고기,8
우조,8
회색,8
동단,8
대외,8
사천,8
실험실,8
개스킷류,8
편의,8
고장,8
계정,8
유니폼,8
화보,8
구두,8
콜라겐,8
크랭크축,8
보건,8
화일,8
일월,8
타자기,8
항공권,8
식전,8
심지,8
제동,8
초소,8
대국민,8
장례식,8
김말이,8
면접,8
책장,8
수목,8
응고,8
수여,8
벌목,8
콘덴샤,8
연삭기,8
롤케이크,8
토마토,8
포크,8
사회,8
아스테이지,8
주요,8
축압,8
맛밤,8
깔개,8
수송기,8
피트,8
중국,8
상륙함,8
재판,8
오일펜스,8
수전,8
사파리,8
송출,8
비빔면,8
혼용,8
현수,8
자갈,8
금속성,8
중용,8
배너,8
비율,8
창란,8
방상내피,8
음악회,8
강판,8
재개발,8
포토,8
연관,8
플레인,8
화랑,8
친절,8
섀클,8
전시관,8
말랭이,8
연안,8
터미널,8
전적,8
콩기름,8
상생,8
장아찌,8
균질,8
노출,8
해치,8
화악,8
정보처리,8
로고,8
해석,8
라이너,8
유도로,8
생강,8
각반,8
도출,8
도료,8
조형,8
홍합,8
연결하다,8
리어카,8
최적화,8
곡선,8
집중,8
삼색,8
동승,8
건초,8
누수,8
알콜,8
요원,8
상징물,8
전망,8
식관,8
융합,8
마카로니,8
계수형,8
세대,7
급기,7
심다,7
월력,7
동대,7
공보,7
건현,7
방빙,7
주철,7
북한,7
개최,7
월동,7
골프장,7
비복,7
헬스,7
전기저항,7
가림,7
안마,7
메인보드,7
걸상,7
와전류,7
몽골,7
진부,7
아시아,7
방부,7
템용,7
산개,7
썰다,7
운용체계,7
분사기,7
라우터,7
공지,7
천장크레인,7
인공호흡,7
프린터기,7
다지다,7
재외,7
포등,7
갱신,7
주임,7
원사,7
솔벤트,7
곡기,7
구두약,7
주행,7
형성,7
파괴,7
중부,7
연주회,7
윤활,7
셔터,7
소프트,7
상하,7
양용,7
입출력,7
공무원,7
중학교,7
릴레이,7
워킹,7
습도,7
보리차,7
슈트,7
해킹,7
감압실,7
원판,7
전수,7
전치,7
축사,7
분대,7
망고,7
치즈케이크,7
비연,7
수제,7
항용,7
교판,7
특기병,7
배속,7
의향,7
축일,7
비조,7
보안회,7
단장,7
넛트,7
절삭유,7
코인,7
럭스,7
대책,7
광융착,7
쉬다,7
진탕,7
후생,7
퀼팅,7
성인,7
부호기,7
초경,7
종사,7
그랜드,7
톤용,7
샌더,7
텀블러,7
래미,7
홈통,7
삼겹,7
방아쇠,7
더피,7
용액,7
캘린더,7
갈색,7
창문,7
의무사,7
섀시,7
씰링,7
영점,7
국방백서,7
맛술,7
드람,7
크립,7
군집,7
스노,7
팅기다,7
함양,7
모니터링,7
바이,7
꼴뚜기,7
갈대,7
복숭아,7
빵가루,7
투약,7
끄다,7
정보전,7
스패너,7
의류,7
구룡,7
비틀림,7
사적지,7
문자,7
레스큐가,7
싱크로,7
수공,7
학원,7
무연휘발유,7
큐브,7
연구시설,7
입체,7
국군의무사령부,7
겨눔,7
연질,7
케첩,7
군사과학,7
셋트류,7
휠체어,7
중원,7
상징,7
에터,7
탄소,7
반구역,7
냉각탑,7
볶다,7
재외공관,7
특송,7
합체,7
군내,7
재사용,7
비철,7
실증,7
정보보안,7
명란,7
부목,7
상품권,7
기와,7
임팩,7
종량제,7
기계공작,7
브라,7
진공청소기,7
비행갑판,7
블루,7
겔링,7
봉류,7
리듀,7
방청제,7
티라미슈,7
주위,7
투광기,7
스테인레스,7
시운전,7
깍이다,7
가자미,7
함등,7
코덱,7
등화관제,7
하드웨어,7
삼각,7
꼬리표,7
태릉,7
적합하다,7
장관,7
상태,7
완장,7
격조,7
안압계,7
터기,7
스테이크,7
아령,7
도크,7
스터드등,7
가동,7
음극,7
가슴,7
덕정,7
그라인더,7
아세안,7
방류,7
야구,7
나트륨,7
정유,7
타르소스,7
데스크탑,7
바베큐,7
사계,7
반장,7
전투모,7
초속,7
전자레인지,7
스팸,7
증기,7
불출,7
창공,7
비축,7
후레셔,7
중동,7
전기밥솥,7
은성,7
피신,7
인공위성,7
확산,7
먼지털이,7
기상위성,7
세면기,7
군량,7
백신,7
쇄석,7
사각형,7
무제,7
포크리프트,7
기후,7
농구,6
린지,6
모닝,6
인트라넷,6
화성,6
발급,6
가로등,6
황산칼륨,6
직사각형,6
비엔나소시지,6
터널,6
폭립,6
스피드,6
항모,6
아날로그,6
지사,6
선택,6
캠코더,6
보상,6
미르,6
교수,6
알루미늄합금,6
셋등,6
오지,6
넥타이,6
남북,6
메론,6
생환,6
광망,6
캐논,6
냉수,6
통신사,6
변경,6
꽁치,6
벨로스,6
영천,6
천정,6
도약,6
장례,6
쉴드,6
고로케,6
전기분해,6
에어캡,6
실기,6
충전지,6
와이프,6
혈류,6
유속계,6
해류,6
에너지음료,6
분분,6
인식,6
미장,6
환강,6
자단,6
단말,6
상주,6
유탄발사기,6
카이,6
입환,6
무등,6
정장,6
증류,6
흑단,6
재단,6
포화,6
경감,6
실리카,6
두텁다,6
판결,6
다단,6
돌기,6
구멍,6
동위원소,6
커터,6
발연체,6
쐐기,6
등판,6
격조사,6
찜질,6
보유,6
워커,6
심기,6
식자,6
차고,6
포항,6
네로,6
영어,6
편집디자인,6
예선,6
포제,6
군부,6
중파,6
기지역,6
불발,6
선봉,6
탁자,6
니블,6
모기향,6
노트,6
단단하다,6
매뉴얼,6
레트,6
일회용품,6
고래,6
스펀지,6
믹스,6
자일,6
도관,6
공격헬기,6
남군,6
전등,6
방음,6
천일염,6
인기,6
전자유도,6
금융,6
평전,6
도선,6
부지,6
고층,6
행글라이더,6
고기,6
탐색기,6
불모,6
아군,6
메기,6
알티,6
근로자,6
철책,6
관람,6
차선,6
메일,6
정지,6
무직,6
변압,6
폐유,6
꼬치,6
무기고,6
다큐멘터리,6
통계,6
위기,6
덴탈,6
구강,6
본드,6
광선,6
베이,6
히트,6
후송,6
인양,6
콘서트,6
정정,6
이해,6
태블릿,6
기여,6
흑백,6
국고,6
이용권,6
브레드,6
스키장,6
식다,6
무궁화,6
라켓,6
물의,6
포드,6
단식,6
실리다,6
미사일,6
통일,6
스템,6
러스트,6
우송,6
비항,6
동작,6
정익,6
총서,6
제원,6
인서트,6
라운드,6
이천,6
땜납,6
잔유,6
터보,6
제주도,6
외자,6
제공,6
고체,6
원거리,6
열전대,6
생체,6
레스텔,6
계층,6
입소,6
징계,6
전자법정,6
컷터칼,6
베이컨,6
전승,6
계란후라이,6
오토바이,6
오리고기,6
내의,6
원격,6
경제,6
부검,6
베트남,6
라스,6
무단,6
멈추다,6
골프공,6
보육,6
방관,6
최적,6
분진,6
밀도,6
줄자,6
수발,6
크랭크,6
부스터,6
전기장,6
수조,6
유증기,6
탐사,6
집게,6
정전기,6
크릿트,6
선량,6
통합인증,6
피전,6
미치다,6
연골,6
깁스,6
테프론,6
몰드,6
우산,6
전자출판,6
영동,6
후크,6
아질산나트륨,6
개축,6
장착,6
대사,6
투습,6
격오,6
발진,6
춘장,6
소수,6
녹취록,6
방호벽,6
제보,6
비지,6
꼬리곰탕,6
출제,6
단독,6
급여,6
잠금장치,6
감자전,6
채널,6
포도,6
기조,6
격정,6
고등,6
픽업,6
결과,6
앵카,6
물엿,6
손톱,6
천안,6
방법론,6
막외,6
경질,6
폴리에틸렌,6
팬용,6
초코파이,6
편제,6
철파,6
이프,6
물관,6
푸실리,6
페룰,6
노랑,6
라디오,6
복귀,6
전기다리미,6
꾸다,6
순번,6
빗트,6
요법,6
뭉치다,6
증강,6
경사,6
근육,6
동분,6
생화학자,6
캐스터,6
폐쇄,6
헌병대,6
염화비닐,6
사골곰탕,6
목심,6
발열,6
총탄,6
뱃트,6
수상,6
추자도,6
거문도,6
어록,6
학보,6
특수강,6
탄알집,6
파손,6
력기,6
링스,6
캡등,6
균열,6
공감,6
두다,6
넥타,6
니퍼,6
산부인과,6
전해질,6
직원,6
약용,6
스터드,6
가늠자,6
창업,6
부상,6
출구,6
즉석식품,6
감다,6
강화도,6
이사,6
색모,6
리차,6
진입,6
폐쇄기,6
뷔페,5
렉스,5
부권,5
라이,5
손톱깎이,5
이형,5
부식물,5
울트라,5
트레드밀,5
사물함,5
파티션,5
태극마크,5
챠트,5
집체,5
마네킨,5
플렉시블,5
자동차광,5
사상,5
겔링등,5
벤토,5
인재,5
생가지,5
함결합,5
내접,5
증폭,5
정류자,5
참기름,5
이후,5
공모전,5
손목,5
기표,5
낙동강,5
클리어,5
유연제,5
이경,5
인원보,5
군가,5
난통,5
안창호,5
인스트팁등,5
정반,5
빌트,5
재등,5
도산,5
종단,5
공인,5
기업,5
땜질,5
은제,5
일용품,5
노견,5
역류,5
파라슈트,5
깐풍기,5
상기,5
사진기,5
믹서,5
알다,5
가성소다,5
폴리에스터,5
중재,5
소용돌이,5
민수,5
안구,5
성검사,5
들깨,5
양념치킨,5
청음,5
영업,5
브레이,5
레귤,5
국유재산,5
자유,5
앨범,5
플랫,5
제약,5
견과,5
쌈장,5
곤약,5
충주,5
해충,5
성용,5
형관,5
다각,5
책정,5
염색,5
구조경,5
동점,5
성찬,5
한복,5
체다,5
폐쇄형,5
내륙,5
반물질,5
망치,5
미군,5
약제,5
간호복,5
점보롤,5
순도,5
이어폰,5
헬리,5
베트남어,5
탈취,5
명시,5
머스타드,5
차셋트,5
퍼티,5
진주,5
부생,5
실린더헤드,5
광화,5
에코,5
비정,5
프라,5
공격,5
방카,5
비타,5
일자,5
병시,5
반투막,5
추력,5
제설기,5
전자석,5
질환,5
웹진,5
상처,5
포말,5
주사기,5
감쇠기,5
부재,5
유포,5
로크,5
간표,5
겹판,5
파쇄기,5
정맥,5
항재밍,5
행정동,5
인쇄회로기판,5
분광분석,5
면세,5
비뇨기,5
유사,5
역기,5
혼합물,5
규사,5
파견,5
우스,5
로디,5
인화,5
생리,5
경영,5
파우치,5
맵다,5
선거,5
스트랩,5
토치,5
서기,5
수축,5
심정,5
수직이착륙,5
전자통신,5
군항,5
격려,5
정량,5
태풍,5
대효,5
참전,5
뇌압,5
자기개발,5
청평,5
저격수,5
기습,5
군용항공기,5
미터,5
윤활제,5
버터,5
도면,5
사무기기,5
계교,5
착륙장치,5
드리다,5
동체,5
포대,5
복수,5
즉석밥,5
브리지,5
메밀,5
임금,5
공이,5
학회,5
마린,5
사액,5
현수막,5
가압,5
위험관리,5
해저,5
발사체,5
기둥,5
아스팔트,5
드라마,5
연성,5
인너,5
송정,5
버퍼,5
중어뢰,5
역사탐방,5
인청,5
최루,5
건조대,5
자도,5
편류각,5
대안,5
수리온,5
캐브,5
노드,5
회선,5
비상발전기,5
멀티미디어,5
패스트리,5
판초,5
머플러,5
판문점,5
블레이드,5
철근,5
레이지,5
찾아가다,5
식빵,5
가전,5
메밀국수,5
전역,5
줄날,5
리튬이온,5
가용,5
외과기구,5
파이어,5
포부,5
패스트,5
오일수,5
팩킹,5
장애물,5
콜드,5
조리기구,5
큐액,5
리모,5
기병,5
명패,5
기유,5
간편식,5
낭등,5
수심,5
트럼펫,5
의학과,5
예비역,5
분무팁,5
보완,5
직물,5
신나다,5
동판,5
가스용기,5
의사결정,5
하이패스,5
런닝,5
위로,5
락스,5
침윤식,5
검찰,5
쇼핑몰,5
하차,5
충무,5
예식,5
인물,5
민영,5
사각팬티,5
수병,5
망상,5
요인,5
표기,5
철탑,5
써다,5
군사훈련,5
이행,5
식수,5
침낭류,5
공기조화,5
불닭,5
그릇,5
갈다,5
스탑,5
조영제,5
낙뢰,5
정압,5
보증,5
현금,5
스마트폰,5
오니,5
공약,5
도검,5
겟류,5
격막,5
현황,5
개월,5
취업,5
머핀,5
완충제,5
창원,5
테라,5
비치,5
체공,5
케찹,5
신형원,5
실감,5
차압,5
실리카겔,5
살상,5
광신,5
섹션,5
인권,5
신고,5
마사토,5
소방장,5
듀라토프,5
선조,5
인지도,5
보행,5
릴용,5
쇼케이스,5
접시,5
육사,5
풍동,5
특장,5
지우개,5
접수,5
스타렉스,5
의하다,5
단면,5
응답기,5
동관,5
휴게,5
숟가락,5
대량,5
버트형,5
축구화,5
리퍼,5
항적,5
온도조절기,5
살색,5
풀림,5
함류,5
국부,5
취타,5
캐리어,5
능성,5
박용,5
높이,5
감압,5
미생물,5
방아,5
제문,5
부지역,5
버켓,5
지침,5
상감,5
파킹,5
텐션,5
평창,5
심리,5
정세,5
부서,5
타입,5
콤보,5
지주,5
판검사,5
도색,5
정용,5
감식,5
파이프라인,5
격검침,5
쌍용,5
유압절,5
초단파,5
스포,5
핵자,5
체형,5
쌍안경,5
기적,5
소시,5
각재,5
아트지,5
겐트,5
샌드위치패널,5
발권,5
수하물,5
모노레일,5
셔틀버스,5
나졸,5
스페이스,5
문제점,5
축받이,4
스트링치즈,4
징후,4
진압용,4
재난예방,4
저장매체,4
회전기,4
오른쪽,4
푸시풀,4
학위,4
용붓,4
오산,4
컴벳,4
어청,4
마그네트론,4
베라크루즈,4
쌀후,4
축구공,4
창끝,4
프로파일,4
군진의학,4
국직,4
박다,4
스톱,4
온돌,4
탈피,4
공항정보,4
엑스레이,4
결합체등,4
마련,4
레인,4
승합차,4
라지,4
수급,4
적온,4
신호처리,4
캄보디아,4
잔재,4
현지,4
찹쌀,4
커패시터,4
스핀,4
노통,4
재녹음,4
포인터,4
피시,4
휴지통,4
글라스,4
단백질,4
쇠고리,4
완료,4
링잭,4
가루비누,4
서적,4
기압계,4
요추,4
자형,4
녹스,4
탐상,4
사이렌,4
메주,4
작동장치,4
바이스,4
격진,4
예인선,4
특성화고,4
엑셀,4
탁용,4
소재,4
보조사,4
슈즈,4
삼각팬티,4
우수상,4
충진재,4
닫다,4
촉각,4
산림,4
모듀울,4
조경수,4
번호,4
팁등,4
태그,4
직렬,4
고철,4
청정,4
수원지,4
나침,4
일지,4
국산,4
호수,4
발사믹,4
연습기,4
벤딩,4
분도기,4
종료,4
액터,4
소관,4
휴게실,4
회복,4
니스,4
탄지,4
초계기,4
이식,4
동반,4
실화,4
단위,4
전망탑,4
대패,4
경상남도,4
컵등,4
순간,4
목표,4
페이스,4
부직포,4
탄도탄,4
심폐,4
지보,4
형도,4
양성평등,4
위상,4
폐기,4
플런저등,4
스크랩,4
칵테일,4
증거물,4
무한리필,4
후르,4
우현,4
군용차량,4
배분,4
찾다,4
형상,4
코너,4
끓이다,4
트집,4
전자현미경,4
야영,4
항의,4
어태치먼트,4
양평,4
시뮬레이션,4
교장,4
관로,4
박막,4
코아딕실등,4
고문,4
플렛,4
세수,4
워셔액,4
거짓말,4
이탈,4
파운데이션,4
초과,4
누전차단기,4
하드,4
박출량,4
등주,4
수륙,4
제안,4
흰색,4
급속,4
천무,4
쇼핑카트,4
앤드,4
메모리,4
증진,4
관함,4
쟈켓,4
리피,4
잡석,4
시브,4
성분,4
데시,4
탭등,4
패킹링용,4
페인트볼,4
무게,4
청년,4
타르,4
함형,4
정체,4
분청,4
질식,4
구급차,4
너비아니,4
중통,4
종교시설,4
카라,4
만화,4
신교대,4
공개,4
두껍다,4
붕산,4
브런치,4
과용,4
핵의학,4
포도당,4
정예,4
캠판,4
화방,4
도화선,4
멘트,4
환풍기,4
팬코,4
황병,4
장정,4
견식,4
답터,4
란스,4
소화전,4
사의,4
법제,4
온기,4
캅셀,4
이브,4
형강,4
이중화,4
마이,4
굴절,4
바라쿠다,4
도수,4
임팩트,4
밸트,4
소석회,4
초상,4
용해,4
연결고리,4
콜센터,4
콘텍트,4
스트림,4
토란,4
광개토,4
고시,4
정맥주사,4
트래픽,4
반납,4
답타,4
오징어,4
무광,4
육전,4
터정,4
혈관,4
영문,4
태양,4
딱풀,4
컨넥터,4
레규,4
디피,4
발톱,4
수세식,4
맛소,4
정산,4
유압프레스,4
전도,4
재건축,4
신다,4
멈치등,4
에너지드링크,4
디앤주,4
크라샤,4
관동,4
신분증,4
수용성,4
피타,4
폐물,4
면양,4
경종,4
바지선,4
놀라다,4
눈삽,4
창의,4
압제,4
광고,4
설립,4
맥스,4
주민,4
간사,4
인입,4
잡채,4
핏트,4
검다,4
엑츄에이터,4
스릴,4
벙커,4
봉지,4
용감,4
나이,4
극복,4
증명사진,4
슬라이,4
보성,4
가이드라인,4
향방,4
공군기지,4
운행,4
표고버섯,4
두루,4
상비,4
완성,4
웨하스,4
배수로,4
도표,4
석천,4
용구,4
평지,4
기주,4
밤색,4
보정,4
각도,4
투하,4
호출,4
시나리오,4
결구,4
중절모,4
도상,4
미사,4
용융,4
제대,4
기독교,4
원문,4
관리자,4
가운,4
메탈,4
잠재,4
차등,4
수복,4
입력기,4
고무장화,4
기공사,4
인산염,4
솔등,4
송증,4
부족,4
광장,4
교회,4
엄체호,4
반잠수정,4
함외,4
에러,4
후두,4
성무,4
예보,4
승진훈련장,4
칼날,4
접근제어,4
자봉,4
웹메일,4
제설차,4
점용,4
붓등,4
록크,4
트이다,4
승강,4
초등학교,4
공산,4
슬립,4
입찰,4
한반도,4
주격,4
군체,4
블루투스,4
수치,4
협업,4
수방사,4
안다,4
포단,4
특수요원,4
바리,4
커텐,4
환봉,4
갈고리,4
양상,4
벨브류,4
크로마,4
징조,4
침강,4
적혈구,4
특허,4
스태커,4
풍력,4
그라스,4
강관,4
합리,4
신장,4
청해,4
지자체,4
어택,4
유무,4
전개,4
수출,4
니코틴,4
정비단,4
프리즘,4
탁송,4
의무병,4
역사관,4
인두,4
방전가공,4
신유,4
화진포,4
빨래,4
감량,4
중환자,4
부설,4
콘넥트,4
블로워,4
더블에이,4
중성,4
초코케익,4
광등,4
물결,4
스노우,4
대지,4
덥다,4
후사,4
송지원,4
천평,4
거봉,4
릴리스,4
교탁,4
항공전,4
전동장,4
비구,4
있다,4
공기제동,4
스파이럴,4
지바,4
페트,4
공판,4
부정,4
전조등,4
보라매,4
제전,4
유골,4
법적,4
월넛,4
유형,4
복강,4
동봉,4
목도리,4
케어,4
매각,4
볼등,4
선물,4
맨홀,4
여론조사,4
남양주,4
보안취약점,4
의약,4
각기,4
미립,4
분리수거,4
로그,4
인두기,4
창살,4
농산품,4
콘및,4
재류,4
외관,4
휴양,4
케이트,4
둥글다,4
금성,4
다이나모,4
멘토링,4
충방,4
판지,4
연미복,4
립스틱,4
쉐보레,4
걸쇠용,4
마우스,4
샘플러,4
쿼드콘,4
관성항법,4
양말,4
양갱,4
피다,4
인쇄판,4
의사,4
야드,4
스냅,4
테니스화,4
지넷,4
벙어리,4
완전,4
카페라떼,4
모사,4
기지국,4
화합물,4
아이스티,4
아메리카노,4
국통,4
하강,4
통역,4
살다,4
가바,4
리더,4
바지,4
바람,4
철띠,4
코티드샌드,4
칼슘,4
체온,4
하니,4
무적,4
쇠등,4
자바라,4
포지,4
렉시,4
와샤,4
식판,4
잠수정,4
해군본부,3
크로스,3
부산광역시,3
끈등,3
저공,3
빌딩,3
병동,3
거처,3
랜드,3
락키,3
캠퍼스,3
리제,3
호실,3
능동,3
커팅날,3
증명서,3
스텐슬,3
천공,3
꼬막,3
혈당,3
오물,3
화용,3
웅비,3
렌등,3
콜액,3
정글,3
바류,3
해군기,3
조작,3
군사력,3
고착,3
피뢰침,3
화염,3
부도,3
타이머,3
캠페인,3
지시,3
하드디스크,3
작도,3
패기,3
류형,3
연발,3
양구,3
구조해,3
유물,3
이충무공,3
대규모,3
청각,3
쓰다,3
수갑,3
가능,3
페달,3
지게,3
뇨침,3
담양,3
군통,3
외형,3
연유,3
건전,3
항목처,3
헤드라이트,3
면도기,3
냄비,3
성경,3
직종,3
통합교육,3
광중,3
육안,3
벽면,3
세차,3
설명,3
켓트,3
띠등,3
시한,3
승무원복,3
외벽,3
및패킹등,3
뮤지컬,3
점도계,3
가정,3
임진왜란,3
창작,3
보고서,3
컨트롤러,3
시초,3
프린팅,3
레토르트,3
교반기,3
야시,3
전문교육,3
지급,3
주축,3
스터언,3
실리,3
조합,3
파장,3
남자,3
나침반,3
코칭,3
컨넥팅,3
레이디,3
먹는샘물,3
마스,3
문무,3
에어건,3
베이어,3
신텍스,3
레이스,3
향악,3
콤푸렛샤,3
철원,3
나주,3
괴산,3
남수단,3
활액,3
옹벽,3
치유,3
크실렌,3
문화센터,3
용의자,3
외경,3
펜던트,3
전기레인지,3
속력,3
학군장교,3
아이스팩,3
지향성,3
라이브,3
재원,3
위주,3
환자복,3
사이버범죄,3
단상,3
참여,3
불량,3
위험성,3
헬스장,3
방재,3
페이퍼,3
항습,3
외보,3
연주,3
탈륨,3
팥죽,3
크레오,3
각봉,3
변조,3
도마,3
탈지,3
돛대,3
가상화,3
에타,3
트림,3
유니,3
골무,3
여건,3
반투명,3
임시정부,3
물리치료,3
실천,3
랜탈,3
캘리퍼스,3
손세정제,3
재계약,3
소변기,3
동면,3
가상,3
슬리,3
코크,3
기능사,3
영양식,3
문고,3
리브,3
역위,3
샌딩,3
싱가포르,3
범위,3
생화,3
용인시,3
분석관,3
장함,3
워키,3
화학물질,3
죽변,3
스테플러,3
방위각,3
자성,3
펜틴,3
소환,3
트레이너,3
법무,3
스캔,3
시야,3
화장,3
광섬유,3
조형기,3
공화력,3
입자,3
용릴,3
활주,3
도시,3
경조사,3
초실등,3
파레,3
유구,3
수세미,3
머그컵,3
아스콘,3
우즈,3
스텐강관,3
다중화,3
세미,3
쉬등,3
한인,3
드로즈,3
다이버,3
장통,3
비유,3
폐장,3
사절단,3
평택,3
철수,3
편조,3
특별회계,3
코메트,3
시발,3
서지역,3
멀티콥터,3
칼용,3
감염증,3
포인트,3
소방차,3
정보망,3
피드,3
알칼리,3
사리,3
도트,3
크런키형,3
계기비행,3
운영체제,3
프로세스,3
소세지,3
세라,3
측위,3
앞차,3
뒷쪽,3
볼스크류,3
분모,3
리소스,3
용볼등,3
우엉,3
관악,3
난용,3
비말,3
자비,3
기점,3
재발,3
유전체,3
확진,3
출처,3
캔따개,3
켓리무브,3
체온계,3
지위,3
도태,3
나연,3
사건,3
홉기,3
방화선,3
발행,3
도킹,3
떡케이크,3
발칸포,3
사배,3
수산화칼슘,3
양륙,3
운정,3
어곡,3
살포,3
방부제,3
바란,3
앞산,3
지표조사,3
제지,3
생크림,3
매원,3
생능,3
아웃소싱,3
하수,3
임기,3
인프라,3
피펫,3
관리사,3
대금,3
주거지,3
비강,3
참고서,3
동호,3
협동,3
습포,3
톤유압,3
애니메이션,3
체내,3
디스,3
증발,3
래그,3
우주력,3
이동통신,3
관정,3
진미채,3
황사,3
임관,3
캠축,3
비계,3
가드레일,3
오투,3
계전,3
호국훈련,3
익스,3
지소,3
럭키,3
좌현,3
아파치,3
태핑용,3
밸런스,3
무레나,3
부저,3
윈치류,3
칠리,3
특임,3
핸들링,3
중증,3
엑스포,3
파렛,3
아키텍처,3
급다련장,3
조치,3
어울림,3
이력,3
스테이플러,3
피하,3
타격,3
싱글,3
수장,3
탄소섬유,3
리필,3
발목,3
토손바,3
방사청,3
입술,3
측도,3
골격계,3
파이다,3
화인,3
판출,3
체조,3
핀금,3
제천,3
예후,3
내성발톱,3
주형,3
손망,3
불교,3
참고,3
메쉬,3
메탄올,3
일반도,3
직결,3
전도성,3
중공,3
스키드로,3
트랜스,3
돈육,3
소매,3
청정기,3
정기간행물,3
대천,3
직장,3
누적,3
마제,3
드조,3
전자렌지,3
간편,3
링잭등,3
철골,3
콤파스,3
액티브,3
철직,3
추첨,3
마이크로웨이브,3
솔용,3
방산수,3
설문조사,3
시닝,3
로잉머신,3
해상전투,3
붙박다,3
합계,3
테크,3
팩토리,3
하키,3
용승,3
성주,3
발연기,3
청테이프,3
포리,3
네비게이션,3
모터그레이더,3
송유관,3
기강,3
피드백,3
빠데,3
초청,3
패딩,3
구급함,3
포맷,3
미역국,3
고유,3
지리,3
정밀검사,3
상조,3
듬햄,3
병증,3
가꾸다,3
화약,3
농수산,3
미사일방어,3
시장조사,3
지프,3
메시,3
상판,3
마사,3
끈류,3
방범,3
가다랑어포,3
전자서명,3
전위차,3
스터드형,3
텔레스코픽,3
이론,3
군사전략,3
할라피뇨,3
점착,3
이설,3
과부,3
도로표지,3
몽쉘,3
망등,3
해역,3
손전등,3
피막,3
상세,3
운영체계,3
그물,3
함교,3
호른,3
조깅,3
목깃,3
우주발사체,3
준설,3
재산,3
타이밍,3
계절,3
산성,3
통행,3
성희롱,3
예복,3
그렇다,3
브레이드,3
양양,3
계측기,3
좌표,3
횡성,3
쇠용,3
경봉,3
챠드,3
인조,3
통과,3
호각,3
기발,3
일심,3
화학물,3
습도계,3
시스,3
자유형,3
피니언,3
유자,3
화이트햇,3
열쇠,3
도전,3
킷용,3
공학,3
판막,3
민관,3
다락,3
레스큐,3
항공대,3
중성자,3
몰래카메라,3
공원,3
갈퀴,3
브래이,3
원표,3
필승,3
변천사,3
부담,3
구급,3
별관,3
판단,3
파스,3
부동산,3
차갑다,3
피아노,3
흡착제,3
덴티안,3
스트라이커,3
해장국,3
단종,3
강의실,3
요청,3
가중,3
톱날,3
전투력,3
키스,3
전자우편,3
레드,3
포격전,3
겨자,3
혈장,3
갈비탕,3
매트릭스,3
유동,3
정외,3
급속하다,3
석재,3
광기,3
포강,3
노어,3
비리,3
원금,3
선장,3
웨어,3
펜더,3
사내,3
결재,3
친선,3
부챗살,3
수호,3
명예,3
갈비찜,3
유입,3
시저,3
블랙,3
수문,3
녹취,3
국방군,3
용어사전,3
승식,3
비행대대,3
주정,3
진동기,3
흉벽,3
용인,3
발전차,3
롤라,3
거대,3
온장고,3
플로,3
현용,3
납차폐,3
회절,3
다리미,3
진검,3
공유기,3
유동식,3
코니아,3
지르다,3
지락,3
제초제,3
일판,3
홀드,3
시안,3
을지,3
형외,3
안압,3
맹호,3
포상,3
유개,3
토스트,3
캐스팅,3
부치다,3
정성,3
추정,3
미역,3
관광,3
천장,3
변기,3
이중창,3
해감,3
채버켓,3
침실,3
정원,3
전자광학,3
미화,3
금강,3
봉건,3
스텍커,3
폐사,3
고기만,3
비상근,3
방초,3
노면,3
권해,3
한민족,3
미만,3
리프,3
오피,3
세비,3
운동장,3
헬기장,3
레커,3
발란,3
오목,3
스탄,3
쿨링,3
그릴,3
바이오,3
공법,3
합동성,3
안양,3
거동,3
발연통,3
결제,3
기함,3
대리석,3
카페트,3
양장,3
사철,3
게임,3
이원화,3
비술,3
영구자석,3
스크램블,3
서랍,3
셀등,3
전정기,3
주재,3
접목,3
오존,3
선진국,3
슈용,3
링키,3
목제,3
칼집,3
키넷,3
화화상,3
미송,3
타카,3
사비,3
전후,3
슬립링,3
스위칭,3
마운틴,3
활성화,3
스팸형햄,3
수화물,3
팝업,3
플래그,3
셈블리,3
오뚜기,3
군시설,3
연선,3
라이트닝,3
세계,3
목록,3
관제탑,3
비수,3
침수,3
마스코트,3
광역,3
인서트팁,3
면회,3
좌욕기,3
산지,3
수색,3
하중,3
아산화질소,3
추나,3
저장장치,3
발견,3
연돌,3
상관,3
그리드,3
봉함,3
신호등,3
수은,3
정합,3
소독제,3
영인본,3
잡초,3
폐품,3
진천,3
카운터,3
훈련기,3
향용,3
슈우,3
잡낭,3
일본,3
부라,2
콘넥터용,2
가소,2
종이가방,2
펌퍼,2
갈고,2
이착,2
면검,2
대피,2
크루통,2
보링기,2
로직,2
불량품,2
주부,2
신재생에너지,2
남양주시,2
초동,2
통통,2
재밍,2
비요뜨,2
깎다,2
합성수,2
통및,2
피폭,2
몽키,2
보드마카,2
월경,2
음성합성,2
마킹건,2
운송계약,2
크드,2
청렴,2
설특식,2
축방,2
정평,2
콜킨,2
버젼,2
종결,2
매드,2
세기,2
항공통제기,2
군환,2
빈스,2
곤충,2
도르래,2
풀다,2
방첩,2
데빗트,2
출동,2
안전발판,2
통밀,2
포교,2
도토리묵,2
매개,2
모찌,2
전자기,2
잡다,2
상무,2
바니시,2
와이드,2
외래,2
아프리카,2
가늠쇠,2
링용,2
금지,2
강주,2
밀링기,2
그래프,2
항공관제탑,2
원반,2
큐션,2
진교,2
담관,2
열전달,2
플라이트,2
경도시험,2
협약,2
군비,2
이착륙,2
조수,2
살수,2
화구,2
지체상금,2
직교,2
철기,2
국위,2
이닝,2
기화,2
응답,2
성부,2
밀크,2
개년,2
폐쇄식,2
선양,2
기획전,2
잔반,2
활약,2
셔틀,2
더스트용,2
대학원,2
마그네시아,2
튜우브,2
협상,2
방차통,2
비보,2
기상관측소,2
만료,2
형벌,2
하의,2
비홈,2
송년,2
휘슬,2
샤등,2
내곡동,2
트리,2
수정체,2
산동,2
절경,2
스팸형,2
차수,2
라미,2
염하,2
견시용,2
드정,2
비리다,2
신안,2
로딩,2
걸음,2
설인수,2
액츄에이터,2
호리,2
해상도,2
국기봉,2
로어,2
화학분석,2
화환,2
승용창,2
라다,2
퇴역,2
데이터베이스,2
클라리넷,2
무반,2
물포,2
장진,2
중장,2
산소마스크,2
토러스,2
키링,2
리테,2
금화,2
치인,2
페인,2
스콘,2
뇌파,2
가스레인지,2
식도,2
영역,2
마들렌,2
익다,2
예성,2
부산물,2
젭슨,2
닉켈,2
라떼,2
라만,2
염화,2
장제,2
파라솔,2
영관,2
능용,2
차트,2
유적지,2
밀리터리,2
활구,2
익스플로러,2
추세,2
곹터,2
추종,2
엽총,2
션용등,2
항원,2
최초,2
냉강,2
의무사령부,2
가늠,2
하위,2
삼차원,2
착색제,2
순두부찌개,2
연수,2
에틸알코올,2
하이파,2
우거지,2
부싱형,2
차입,2
제어판,2
수당,2
부이샤클,2
편람,2
소생,2
배맛,2
철침추,2
스테,2
수사법,2
피항,2
환관,2
알밥,2
복부,2
투영,2
차표,2
나루,2
토마,2
결심,2
열분해,2
일대,2
집행,2
용상,2
헤파린캡,2
유합,2
바이올린,2
원선,2
마칭,2
총상,2
라이프,2
분산,2
상수,2
측심봉,2
스크레이퍼,2
형세,2
연근조림,2
뉴론틴,2
퇴식,2
동맥,2
켓등,2
압착기,2
부대역,2
교통안전표지,2
망연,2
케미칼,2
칼륨,2
후류벽,2
송풍,2
및패킹류,2
오일분,2
양안,2
데미,2
감염병,2
소집,2
국빈,2
장개,2
러블,2
부존재,2
관계자,2
전차대,2
졸업,2
편지지,2
기절,2
쇄빙,2
월간지,2
콘넥터,2
버스킹,2
그라프,2
혈전,2
국방홍보원,2
곱다,2
배유,2
남지,2
가우,2
단층,2
에탄올,2
홋줄,2
베닌,2
로터리,2
다가,2
소멸,2
콘텍,2
섹터,2
폭염,2
종용,2
쌈지,2
부쉬,2
진중,2
터러,2
에이프런,2
참선,2
술병,2
방호판,2
어채,2
미크,2
비소,2
전투함,2
피로시험,2
보오,2
버프,2
샘플링,2
감색,2
수색대,2
접경,2
계량,2
계란말이,2
때리다,2
복좌,2
서열,2
배럴,2
직용,2
직생,2
대우조선,2
시험지,2
호위함,2
정보기술,2
성장,2
참여자,2
부동,2
광재,2
동요,2
감전,2
강된장,2
비행전대,2
성우,2
혈소판,2
매기,2
역학,2
장산,2
막대과자,2
지휘봉,2
천리안,2
상비군,2
달성,2
론판등,2
기관지,2
업데이트,2
엑스선,2
난청,2
팔굽혀펴기,2
구상,2
도포,2
날등,2
유방,2
노화,2
현관,2
퍼징,2
등반,2
가리다,2
유압램등,2
배지,2
여행사,2
나서다,2
대퇴,2
넉가래,2
무선랜,2
단청,2
듬북,2
악보,2
경도,2
심발타,2
샌드블,2
후부,2
쇼트,2
항공전자,2
보드게임,2
키등,2
샷시,2
셀프,2
인젝션,2
간병인,2
반도,2
수건,2
장차,2
용볼,2
이종,2
프로토콜,2
연동장치,2
레바논,2
유엔기,2
수술실,2
티탄,2
군사작전,2
청운,2
개복,2
인헌,2
어패류,2
여주,2
션팁,2
구이,2
무한궤도,2
재무관,2
용창등,2
응급환자,2
무후,2
탄저균,2
재활,2
맨드릴,2
관장,2
교제,2
시연,2
추모,2
제본,2
벨기에,2
강진,2
회전익기,2
펙킹등,2
온실가스,2
중립,2
전축,2
비회,2
엘이디,2
필경,2
받치다,2
비대,2
동륜,2
소대,2
매직,2
에셈블리,2
프론트,2
티외,2
체스,2
토정,2
졸레,2
포탈,2
중하,2
법과학,2
기재부,2
윤전기,2
알류미늄,2
성창,2
볼링장,2
디아,2
군사기지,2
무식,2
전구,2
반등,2
체지방,2
연무관,2
김영관,2
장방형,2
볶음밥,2
분자량,2
기피,2
드럽다,2
지도사,2
섬류,2
폐휠타류,2
종이컵,2
레오,2
지통,2
트레이싱,2
평화,2
전기회로,2
방습,2
군소,2
투표,2
신원,2
배전,2
내다,2
다관,2
전자기스펙트럼,2
드림,2
훨로워,2
판재,2
베이비,2
볼륨,2
저작권,2
자기장,2
사운드,2
포털시스템,2
기물,2
잇다,2
왼쪽,2
덱스,2
스푼,2
백상어,2
과확,2
불도저,2
물성,2
스탭,2
수사물,2
에버,2
아키텍쳐,2
유압휴즈,2
자가진단,2
스툴,2
스트레처,2
키퍼,2
스트립,2
살균제,2
다족,2
윈치용,2
가족,2
에이지,2
원자,2
어플,2
눈물,2
흡광,2
매콤,2
광도,2
가용성,2
상형,2
아버,2
보건관리,2
사인,2
훈령,2
따먹다,2
학부,2
스피링용,2
감축,2
클래쉬,2
차돌,2
된장찌개,2
판자,2
송관,2
유토핑,2
스크램블에그,2
명의,2
경첩,2
복합재,2
총장,2
패러슈트,2
절감,2
고경,2
볼엔드밀,2
대연,2
성식,2
스텐평와샤,2
렛트,2
꽃빵,2
등장,2
커브,2
엘지,2
레터,2
방정식,2
한여름,2
본교,2
의견,2
수렴,2
바다로,2
지질,2
알코올,2
임베디드,2
음보,2
오염수,2
미동,2
호송,2
전해,2
적하,2
잉글리시,2
양력,2
치프,2
조종석,2
자동변속기,2
온라인교육,2
알고리즘,2
절삭용,2
휴가,2
라텍스,2
탄력성,2
안장,2
봉환,2
쏘우,2
리피터,2
실사,2
산성비,2
무안,2
진압봉,2
전기자동차,2
엑스트라,2
과거,2
엔드,2
알류미늄판등,2
기린,2
다지,2
내비게이션,2
스폿,2
미그,2
감자탕,2
비커스,2
가스연료,2
스커트,2
그래픽,2
스프린트,2
공대,2
전동차,2
시업,2
무대조명,2
단지,2
쌍방,2
물만두,2
소스코드,2
여자,2
광속,2
심화,2
배정,2
브릿지,2
고지용,2
산화질소,2
스무,2
뇌관,2
발주,2
진제,2
지상화,2
등외,2
객석,2
상견,2
통치,2
식검,2
중화,2
형상관리,2
인터폰,2
반영,2
우세,2
벤트,2
하라,2
질량,2
직위,2
비룡,2
율동,2
튜빙,2
군복무,2
가속도,2
체커,2
상회,2
차폐개스킷,2
웹캠,2
종이테이프,2
매식,2
글락,2
열풍,2
영상의학,2
에듀,2
용산,2
고충,2
비단,2
피치,2
자젝,2
과월호,2
사모,2
버킷,2
채혈,2
지선,2
커플,2
상도,2
폭시,2
입력장치,2
마우스피스,2
트렘펫,2
스왑,2
생산자,2
벽지,2
폭합,2
군범죄,2
바구니,2
드용,2
가스렌지,2
과속방지턱,2
도가니,2
프레셔스,2
커팅,2
레코,2
파트,2
아이젠,2
시리다,2
육개장,2
경정,2
템용외,2
좌판,2
용알,2
밀리토,2
쟉키,2
형태,2
석사,2
누유,2
지유,2
발코니,2
도급,2
해도,2
모체,2
박람회,2
추계,2
전자충격기,2
콘덕터,2
턱끈,2
착탈,2
청룡부대,2
병행,2
프렌치,2
러그,2
후레임,2
아세트아미노펜,2
베루말액,2
식스,2
키백,2
직급,2
돌겹,2
튜빙등,2
일리,2
징용,2
적절,2
치대다,2
마운,2
크러셔,2
유소,2
항원충제,2
번개,2
막다,2
에스,2
공산물,2
대별,2
참모,2
체련단련장,2
안산,2
큐비,2
스퀴,2
미러리스,2
골든,2
어린이,2
머니클립,2
엔드형,2
토용,2
사업자,2
검출기,2
컷터날,2
수회,2
경계표,2
스트레스,2
선율,2
신분,2
개전,2
일자리,2
전정톱,2
생사,2
구체화,2
상제,2
증강현실,2
가상현실,2
단발,2
부근,2
퇴조,2
코란도,2
백두산,2
앞창,2
흉상,2
영평,2
선발,2
캬브,2
구조사,2
화병,2
복지관,2
인성,2
원목,2
주간,2
긴요,2
붙이다,2
선통,2
상근,2
수록,2
파상,2
부합,2
째다,2
임의,2
개인화,2
환수,2
예천,2
즉석,2
망사,2
젠더,2
암페어,2
호설,2
연가,2
비고,2
씨잘,2
연례,2
증평,2
피해자,2
포스터,2
롱노,2
단부,2
션용,2
하체,2
근력,2
웜축,2
렘주,2
도타,2
방문,2
충병,2
대표,2
도너츠,2
베즐,2
크랴샤,2
제복,2
제소,2
가습기,2
재현,2
초음속,2
연봉,2
환기,2
토우,2
청파,2
바이트,2
탄도미사일,2
동북아,2
적송,2
쌍화탕,2
안정화,2
카인,2
우드,2
쌀맛후,2
베터리,2
바세린,2
유아,2
숫돌,2
성숙,2
버셜,2
축및,2
폐막,2
머타,2
동축케이블,2
교리,2
계속,2
뉴스,2
육해공군,2
탄로,2
북방,2
총특,2
파일럿,2
휴지,2
차폐개스킷등,2
오보에,2
무균채,2
발브,2
향방용,2
경성,2
지층,2
쉬트,2
소셜,2
서체,2
파리,2
팔렛트,2
건반,2
승합,2
포스트,2
뇌우,2
소통,2
초용,2
매틱,2
시정,2
상처리,2
악대,2
군사법원,2
인트,2
색소폰,2
뺏다,2
사항,2
큐레이터,2
향로봉,2
트렉타,2
지수,2
납땜인두,2
진남관,2
로거,2
캐스트,2
과학고,2
마비,2
자고,2
듀악겔,2
모듬견,2
스텐관,2
덩이,2
와류,2
선단,2
치구,2
분별,2
잡지,2
승리,2
인플루엔자,2
혈청,2
초코쿠키,2
법률자문,2
문안,2
양배추,2
위대,2
화물선,2
보통,2
샤시,2
펀드,2
깃털,2
원격조작,2
태핏,2
뇌간,2
베트남전쟁,2
유발,2
다링페,2
미트,2
하율,2
듀얼,2
기록관,2
해드셋,2
사우나,2
광경,2
신품,2
입학식,2
당기다,2
가폰,2
수영장,2
다련,2
슈미트,2
용문,2
전령,2
지략,2
금구,2
동방,2
총구,2
코티,2
드샌드,2
보루,2
대군,2
버켓크러셔,2
선풍기,2
각형,2
무빙,2
유비쿼터스,2
매쉬,2
논리,2
광봉,2
면체,2
임펠러하우징,2
만종,2
카브,2
해운,2
동사,2
충격시험,2
화산,2
특수하다,2
무모,2
화약류,2
세부,2
폭등,2
휀더,2
농구부,2
매니폴드,2
깃발,2
대변기,2
베트남전,2
사망자,2
투사,2
오늘,2
금기,2
발신,2
금연,2
배구,2
거상,2
클락,2
핸드볼,2
골대,2
시내,2
윗몸일으키기,2
스미스,2
외지,2
하버,2
브라운,2
치키다,2
소금,2
직성,2
도부,2
파고라,2
반미,2
염화칼슘,2
인덕션,2
품비,2
증후,2
지상전,2
뉴젤,2
배트,2
주체력,2
전자악기,2
예약,2
덕산,2
라리,2
파주,2
법안,2
보안등,2
강경,2
규정,2
럭비,2
흉복,2
퇴적물,2
몰다,2
가장,2
로드맵,2
비승용,2
인바디,2
수치해석,2
맥주,2
태칸,2
송대,2
임부복,2
후지,2
놀이터,2
증정,2
방탄모,2
트롤,2
정신건강,2
안연,2
오찬,2
얼룩,2
범포,2
지브,2
나다,2
호두과자,2
플록,2
정류,2
세병관,2
전력관,2
라쳇,2
주차,2
개별,2
콘테스트,2
강재구,2
협의,2
초군,2
감호,2
국군체육부대,2
악세사리,2
학용품,2
분과,2
학점,2
군경,2
폐인,2
팰릿,2
성기,2
포플린,2
치기,2
경쟁력,2
터치,2
블러,2
노래방,2
남색,2
비밀번호,2
실효,2
류트,2
제재,2
채수,2
실버,2
팩스,2
필드,2
펴다,2
액션,2
스테커,2
충청북도,2
대상자,2
마이오,2
휘발,2
이월,2
마리,2
조지,2
세그먼트,2
필기,2
사후관리,2
침향,2
옷깃,2
사이버공간,2
플룻,2
게이트웨이,2
형구,2
압기,2
자축,2
티피,2
계승,2
작업기,2
도형,2
클로저,2
성대,2
밧드,2
담장,2
반지,2
문풍지,2
베임,2
철근콘크리트,2
분광기,2
인자,2
드라이어,2
슬리퍼,2
사물놀이,2
충청남도,2
군마,2
광역시,2
복장,2
규산,2
회중,2
현무암,2
병복,2
후진,2
충정,2
정글도,2
위유,2
태세,2
찬장,2
롤링,2
스프링노트,2
술통,2
소상,2
총열,2
유압기,2
마그,2
하트,2
영국,2
실크,2
오피스,2
시대,2
이스,2
흑설탕,2
게시판,2
가입자,2
개스,2
상수도,2
참대,2
패킷,2
이지스함,2
수어,2
도탄,2
검시,2
철갑,2
부부,2
코코넛,2
통신프로토콜,2
주도,2
랙티브,2
리리카,2
물김치,2
양만춘함,2
전자메일,2
트랜스포터,2
피단,2
햄버그스테이크,2
동해,2
항성,2
염산,2
열다,2
활대,2
공병우,2
붙이,2
전몰,2
프로그래머,2
숄더프레스,2
책가방,2
축가,2
수염,2
무동,2
반월,2
철문,2
킬러,2
만기,2
상승,2
근관치료,2
테블릿,2
폭기,2
앱손,2
다이어리,2
연행사,2
구습,2
잡음,2
메모,2
정보공,2
트릴,2
특사,2
아연도금,2
방식,2
듀오,2
방공관제사령부,2
음성인식,2
자연,2
빙등,2
비성,2
앵커,2
열람,2
진해,2
승선,2
싸이카,2
버니,2
퍼스,2
연회,2
남양,2
우선,2
보상금,2
분식,2
사토,2
갑주,2
바인,2
생면,2
목이버섯,2
모르타르,2
류등,2
깊이,2
난로,2
계체단,2
티눈,2
씰등,2
공소,2
연차,2
군의관,2
숯불,2
닭강정,2
화창,2
중미,2
도움,2
스텐봉등,2
전기영,2
오반,2
식기구,2
클럽,2
의심,2
로크웰경도,2
임펜,2
광전,2
시드,2
토피아,2
차리다,2
약과,2
맛후,2
이용식,2
나침판,2
삽피,2
불다,2
핀류,2
설제,2
로션,2
아동,2
관및,2
망용,2
레자,2
랑스,2
홍보단,2
마력,2
전공,2
해소,2
버티칼버큠,2
듬완,2
천주교,2
브랜드,2
바람막이,2
조도,2
식물성,2
닭꼬치,2
좌우,2
공훈,2
케톤,2
포술,2
포장이사,2
무지,2
매연,2
웜용,2
내향성,2
보코더,2
브라스,2
소도구,2
특공,2
경력,2
중고,1
탈착기등,1
면적,1
탐색구조,1
고저,1
레티팅,1
루브,1
위보,1
모듬햄,1
장석,1
대만,1
해외여행,1
후륜,1
고추기름,1
바게트,1
카프리썬,1
헤파,1
전진교,1
용매,1
검체,1
비등,1
잡록,1
인근,1
양자,1
탑포린,1
생태계,1
스테이지,1
장부,1
독립운동,1
보냉,1
불소,1
밴조,1
로보틱스,1
통섭,1
군사학,1
다공,1
수자,1
운전면허,1
거버넌스,1
콘푸,1
사정,1
마술,1
신선하다,1
유엔,1
슈터기,1
당구대,1
흐름,1
리트,1
전기전도도,1
샌드기,1
계양,1
라이언스,1
콘테이너,1
유도가열,1
조리개,1
각모,1
태아,1
급연,1
제제,1
증기압,1
확립,1
염화나트륨,1
제조법,1
먹스,1
대형화,1
충사,1
교통신호,1
중후,1
스탈,1
리콜,1
수도관,1
원기준,1
탄띠,1
정재,1
영안,1
용성,1
인후,1
미케니컬,1
싱용,1
사하다,1
인쇄물,1
마상,1
호부,1
군검찰,1
소형승용차,1
옥토,1
건식청락기,1
펄프,1
구호,1
의지,1
민첩하다,1
성곽,1
잔디깍기,1
임펙에어렌치,1
신출,1
모션그래픽,1
마당,1
레칫형,1
이야기,1
수송동,1
점령,1
생식,1
항소심,1
출혈,1
갑압변,1
터렛,1
내의류,1
토티,1
업다,1
자동자,1
교류회로,1
완벽하다,1
삽자루,1
패킹용등,1
치솔,1
한기,1
혼합형,1
비례,1
장벽,1
스트라익,1
팬텀,1
량땡,1
고가교,1
숙천,1
원격탐사,1
캐릭터,1
아웃도어,1
원탁,1
독점,1
유연하다,1
잉글리쉬,1
원격조종기,1
기내식,1
알레르겐,1
정판,1
평안,1
웰부트린,1
검침,1
방사제,1
우주기지,1
이어링,1
터프,1
등급,1
검수,1
여식,1
반구,1
용판,1
피케,1
교내,1
은사,1
헤모글로빈,1
메신저,1
행잉,1
신부,1
재초,1
광학망원경,1
제압,1
트램,1
국민정신,1
석판,1
후미,1
내지,1
양성식,1
수세미외,1
계량컵,1
고르다,1
임펙,1
멀다,1
증압,1
랜선,1
목재펠릿,1
윤리,1
파라,1
아몬드,1
제강,1
이마,1
프트,1
헬드,1
배즙,1
맞다,1
탠스,1
인새,1
레이즈,1
북괴,1
납작,1
육아,1
성향,1
스텐망등,1
나침금,1
파리채,1
장성환,1
디지털신호,1
조임쇠,1
코딩,1
땀내,1
지석,1
않다,1
콘퍼런스,1
면조,1
국한문,1
기본군사훈련단,1
점도,1
축성,1
스톱워치,1
금관조복,1
곡괭이,1
펜정,1
영주권자,1
딘련,1
객체,1
및후,1
스크류써트,1
무절,1
내면,1
선결,1
유듀형,1
일차,1
전류계,1
다자,1
글루코파,1
봉송,1
열대,1
품몸,1
타워,1
송골매,1
염분,1
립품,1
용국,1
자키,1
패스,1
연합군,1
린넨,1
생각,1
조식,1
콘로,1
러리,1
역풍,1
나인,1
비프,1
반발,1
신시사이저,1
방송통신,1
인넷,1
경석,1
부영,1
알로,1
병적,1
허니,1
적성,1
해부학,1
하임,1
교화,1
법무부,1
액체질소,1
활공,1
다문화,1
픔목,1
지시봉,1
라이트건,1
타석,1
인도네시아,1
명대,1
울진,1
수영구,1
포구속도측정기,1
노르,1
직상,1
안전하다,1
금액,1
센트럴,1
턴테이블,1
섬광탄,1
기세,1
점프,1
밀실,1
준위,1
기지영,1
두껑등,1
배우다,1
방석,1
글루건,1
항공로,1
리셋,1
디지털교과서,1
이니셜,1
목깃탈,1
절단석,1
머레이,1
일산,1
부주,1
반복,1
괭이,1
우호,1
워트,1
재방송,1
베벨,1
웨곤형,1
옥외등,1
장애,1
노스,1
삼발,1
보듸,1
고진,1
대역,1
퍼트,1
슈팅,1
신주,1
패취,1
항연,1
그루,1
광견병,1
전유성,1
메티스,1
여름,1
케토,1
챠저,1
크리미,1
재산관리,1
폼업,1
웨빙,1
강성,1
교사,1
프롬프터,1
생리식염수,1
동향,1
직문,1
경찰대,1
부케,1
다발,1
아말감,1
국악,1
허리,1
자생,1
입법,1
채용,1
코랄,1
꽃장식,1
웨딩,1
경향,1
영수증,1
소영,1
산등,1
독립유공자,1
어조,1
플라즈마,1
활실,1
장선,1
속초,1
비화,1
영산강,1
타겟,1
고교,1
학생용,1
바닥면적,1
망원렌즈,1
습관,1
탄산수,1
포어,1
체이서,1
마루운동,1
교통표지판,1
교번,1
스타트,1
미션,1
캐드,1
가황,1
촉진,1
노로바이러스,1
이장,1
브리넬경도,1
클램핑,1
뷸렛,1
천해,1
신차,1
진드기,1
브론정,1
폴리크레줄렌,1
패럴,1
낫트등,1
낙찰,1
해드,1
산통,1
닉스,1
버리다,1
리플렉,1
비디오카메라,1
동음,1
동주,1
모기,1
착기,1
리노,1
항생제,1
전주,1
설상,1
오거,1
리전,1
개강,1
설계도,1
방어진,1
용글,1
성남시,1
선임,1
앞판,1
아르미,1
김치전,1
테란,1
순정,1
사제,1
무릅,1
스쿠,1
펙렌,1
복원력,1
간극,1
드등,1
막리,1
완화,1
코넬,1
다중경로,1
다매체,1
대사체,1
락카룸,1
싱커,1
검층기,1
빈트,1
오프라인,1
볼배브,1
알보칠,1
리버,1
도래,1
세루모,1
사향,1
드레인콕크,1
마포걸레,1
차감,1
형리,1
더기,1
국가고시,1
폴드,1
가교,1
노트패드,1
스텐봉,1
빼다,1
비컨,1
한영,1
스피링,1
스톡,1
보리음료,1
풍유,1
이동전화,1
아카이브,1
호구,1
파랑,1
스태,1
이부프로펜,1
단진압봉,1
커크,1
신수송,1
외산,1
오리발,1
지시시,1
관창,1
선제,1
경창,1
알람,1
헬스복,1
연구원,1
에어소프트,1
형망,1
간소화,1
산책,1
망원,1
해양력,1
일용직,1
노래,1
청청기,1
장문,1
목걸이,1
톱니바퀴,1
켈리,1
백마,1
페파,1
습제,1
워크플로우,1
플래어링,1
큐렛,1
류기,1
물증,1
커넥팅,1
색안경,1
불멸,1
공급망,1
머큐리,1
비스켓슈,1
메칠,1
지레,1
쿨파프,1
야적,1
릴홀더,1
액화질소,1
고체풀,1
백과사전,1
보관장,1
학사정보,1
부과,1
군사지리,1
박찬,1
행위자,1
중식,1
삼중,1
잠식,1
트랩,1
역용,1
타코야끼,1
진원,1
알레그,1
띠톱,1
실리콘고무,1
프로필,1
황등석,1
도르레,1
향토예비군,1
스트롭,1
가래떡,1
애플,1
코코아,1
유산균,1
크로스오버,1
카페인,1
딸기스무디,1
고로,1
유도전동기,1
통근,1
우습다,1
담그다,1
남녀,1
차일,1
삼상,1
디정,1
저속,1
소스류,1
인도,1
배합,1
후추,1
사양,1
희망,1
창녕,1
시티,1
인접,1
엘디,1
수산,1
다이옥신,1
네이비,1
농산,1
루트,1
개스켓,1
대항,1
충전물,1
전담,1
다련장유압,1
무산,1
동안,1
왓샤,1
용영,1
포지티브,1
채증,1
요격,1
민통선,1
황토색,1
군함,1
마무리,1
준공,1
면제,1
춘계,1
미들웨어,1
보닛,1
파크,1
간지,1
통기다,1
평타,1
조직검사,1
찐빵,1
관쇠,1
카터,1
어필,1
켤레,1
식염수,1
사이니,1
민주주의,1
조이스틱,1
디지타이저,1
팔로워,1
아쿠아,1
보안면,1
적층랙,1
로세,1
면진,1
승객,1
약차,1
대인지뢰,1
페브리즈,1
핀홀,1
신간,1
쥐막,1
곡류,1
샤프,1
폴러,1
담당,1
동태,1
젠터,1
습식청락기,1
농업,1
테마,1
페놀,1
미래세,1
남해,1
텍스,1
초산,1
와인,1
질문,1
베크,1
퍼마텍스,1
모세관,1
지그,1
순위,1
얼리다,1
질병,1
컴퓨팅,1
브용,1
잔교,1
아름드리,1
커틀렛,1
오이지,1
크로크무슈,1
원적,1
간접비,1
버전,1
링커,1
유밀,1
용햄,1
고막,1
부활,1
철원군,1
드라이크리닝,1
오시,1
도민,1
관세,1
피난,1
관악기,1
구조대,1
대륙붕,1
협정,1
닭윙,1
소련,1
작품,1
소티,1
철류,1
규어,1
파니,1
사태,1
분해능,1
용휠타,1
샘표,1
음료수,1
대령,1
년도,1
식사,1
닭봉,1
화법,1
전력장치,1
인지,1
선원,1
기동전,1
프렌치호른,1
언어,1
정도,1
범죄수사,1
브래드,1
요트,1
싸이,1
퓨얼,1
린리,1
코코아파우더,1
표제,1
모장,1
터보차저,1
위해,1
음질,1
지갑,1
폴건,1
최대,1
트윈,1
급조폭발물,1
캐럴,1
만찬,1
동춘,1
회장,1
공작,1
만남,1
해전,1
본인,1
풀링기,1
래칫,1
실란트,1
한우,1
난연,1
벡스,1
순환기,1
아미,1
타이거,1
삼군부,1
완비,1
플루트,1
베너,1
정상화,1
격먹,1
콘트롤러,1
격멸,1
급등,1
호등,1
등짐,1
분향,1
의원,1
치마,1
실탄,1
자사,1
파주시,1
회전장,1
권한,1
밀치다,1
관망,1
투기,1
캇타,1
오성,1
경부,1
최루성,1
오드,1
과업,1
입지,1
오신,1
중추,1
외교,1
기운,1
전자기파,1
연하다,1
반함,1
글로벌,1
재밍건,1
거점,1
관용구,1
침용,1
국방로봇,1
항묵,1
보쌈김치,1
오브,1
부처님,1
전곡,1
유합술,1
적층,1
치결,1
취기,1
랜툴기,1
방사선사,1
헹굼,1
쿡팬,1
부츠,1
부관,1
원스,1
리얼,1
라미실,1
설문,1
용소,1
단순,1
단추,1
인태,1
미아,1
순수,1
압구,1
유성매직,1
랙커,1
냄새,1
월책,1
부축,1
실미도,1
부경용,1
공작원,1
마스터플랜,1
관점,1
적갈색,1
광알,1
외양,1
호키,1
용하다,1
청도,1
린다,1
레카,1
조종판,1
직각,1
리보,1
데드맨,1
그람,1
표층용,1
용선,1
지탄,1
박원석,1
대미,1
기념비,1
켓리무버,1
부문,1
진상,1
기차,1
녹다,1
직판,1
파라메트릭,1
기전력,1
사과주스,1
나르다,1
노선,1
습구,1
광통신,1
바세,1
포마드,1
병렬,1
수수료,1
심봉,1
방책,1
옹심이,1
상관관계,1
만쥬,1
감청,1
연설,1
백동,1
텔레비젼,1
시트콤,1
최용,1
쓰리다,1
인텍터,1
자동제세동기,1
격막식,1
청춘,1
원격조정기,1
글라이드,1
형용,1
명구,1
포밍기,1
패러,1
록스,1
알카리,1
성체,1
인플레이션,1
액위용,1
프로파일러,1
해드용,1
스팩,1
드럼세탁기,1
합동군사대,1
커민,1
헌신,1
피티,1
부자,1
봉안,1
용종,1
함장,1
위국,1
승대,1
콤프,1
계약법,1
축도,1
에더넷트,1
연금제,1
박절,1
기회,1
전형,1
과즙,1
방검,1
문항,1
융통성,1
장지역,1
잠정,1
동원예비군,1
벽용,1
중아,1
스쿠버,1
단팥빵,1
델리,1
안전판,1
래깅,1
핸디,1
밝기,1
유연성,1
포성,1
정확도,1
솔개,1
이소프로필알코올,1
좌견실,1
리니,1
식물,1
루어록켑,1
입증,1
이맹기,1
선철,1
스코픽,1
특화된,1
승압기,1
아데노바이러스,1
러닝머신,1
충민,1
종심,1
어스,1
크로와상,1
갈릭,1
극초단파,1
찹쌀떡,1
세단,1
카운트,1
대당,1
잡류,1
단동,1
발휘,1
파트너,1
임펠러등,1
패스워드,1
한미영,1
해독,1
균일,1
기후변화,1
축각,1
사이버수사대,1
민감,1
대변인,1
배기가스,1
미케니칼,1
실물,1
디어,1
프리휠,1
프티,1
복호화,1
라슈트,1
요역,1
충용,1
호빵,1
기존,1
원부,1
보디,1
우위,1
원자재,1
적정가격,1
구축물,1
대기압,1
데타,1
캠퍼,1
도자기,1
버팔로윙,1
함박,1
플레이어,1
롤업,1
플래쉬,1
합짚,1
점보,1
고등어,1
라바,1
전모,1
멍에,1
연못,1
다도해,1
독도함,1
펜션,1
스텐유압,1
외과의,1
차이,1
금천구,1
정검,1
아이스크림류,1
견사,1
롤폴,1
공지원,1
육고,1
숏츠,1
운점,1
배수체,1
강화유리,1
전문사관,1
졸음,1
용모,1
법기,1
사이클,1
웰빙,1
모음,1
양자암호,1
부조,1
경주,1
견인포,1
세종시,1
전문성,1
출량,1
달이,1
적접,1
장리,1
책칼피,1
공상,1
포렌신,1
구급대,1
마킹기,1
별책,1
해보다,1
질병예방,1
초코링,1
증명,1
호퍼,1
디지털아카이브,1
기사,1
장서,1
비드,1
핵종,1
유저,1
프리즈,1
마용,1
어탐,1
숏폼,1
피니슁,1
스풀,1
백초,1
조화,1
로커,1
사적,1
버트힌,1
수량,1
통합정보시스템,1
플러,1
컴프레서,1
정음,1
면도날,1
컷트팁,1
이륙,1
가능하다,1
효용,1
착하다,1
인덕터,1
훈제오리,1
스마트카드,1
수도꼭지,1
탁류,1
배수문,1
밀등,1
성교육,1
신뢰수준,1
소방설비,1
임쇠,1
모듬,1
서양,1
스패터방,1
동양,1
첨가,1
인복,1
염도,1
생활용품,1
춧잎,1
입시,1
수로,1
랙스,1
농축,1
후평리,1
별기,1
앞다리,1
계심,1
창박,1
배차,1
로보트,1
트레이닝복,1
스포트라이트,1
임대차,1
개보,1
항공계기,1
양파,1
퍼플,1
후경,1
해미르,1
임펙렌치,1
중력,1
풀업,1
돼지갈비,1
테그,1
무지개,1
스타킹,1
월볼,1
모나미,1
열리다,1
봄맞이,1
이주,1
애니,1
콤푸레샤,1
체렌치,1
노을,1
바틴,1
따개,1
앰블럼,1
실체,1
장소,1
유압임팩,1
레노이트,1
자율성,1
한계,1
포외,1
현충원,1
높이뛰기,1
판및,1
니퍼등,1
쓰레기봉투,1
연말,1
전상환,1
루츠,1
호크아이,1
장탄,1
폼목,1
다시마,1
복도,1
에틸,1
향등,1
장형,1
신성하다,1
어감,1
니트로,1
소목,1
산화,1
부엌,1
터등,1
동결,1
청색,1
공모,1
칙판,1
자립,1
이온,1
제세동기,1
가마니,1
직시,1
키용,1
야광,1
전라북도,1
전라남도,1
덤보,1
체어,1
정확하다,1
대구광역시,1
대전광역시,1
슬러시,1
웹페이지,1
스카치,1
식축,1
건조과일,1
양사,1
태평,1
넙적당,1
놓다,1
살충제,1
광폭,1
맛방,1
기손,1
피뢰기,1
경상북도,1
오뎅,1
보배,1
백호,1
남면,1
프라이,1
방유,1
월간,1
공익,1
힐링,1
스네이크,1
유트린,1
스펜서,1
소보로빵,1
응급실,1
보류,1
티모아,1
방무복,1
칼브럭,1
예배당,1
간선,1
런진,1
리포트,1
버큠,1
로리,1
돌이,1
끈끈이,1
포린,1
비상등,1
거실,1
각질,1
유정,1
방음벽,1
라메졸캅셀,1
화재현장,1
몰딩,1
정긍모,1
절체,1
양화진,1
냉동식품,1
군인아파트,1
본당,1
학적,1
직감,1
등등,1
티모,1
데티안,1
강조,1
양수기,1
취약,1
조약,1
원피스,1
명량,1
진출,1
적응장애,1
태스트발브,1
볼링,1
밋션작기,1
스리,1
컨베어,1
힐스,1
재킷,1
전신주,1
위례,1
착암기,1
랙등,1
엄지손가락,1
폐럼,1
동계올림픽,1
스텐집,1
매체,1
역통,1
성제,1
광심선융착,1
권리분석,1
권리,1
강평,1
예취기,1
반대,1
유연,1
손가락,1
통기타,1
쿼터,1
마킹용,1
솔레,1
폐함,1
바다,1
마닐라,1
내력,1
성반,1
재민,1
음영,1
샌드쇼트볼등,1
인수,1
근대,1
스펙,1
조처,1
축출,1
폴산,1
죠인트,1
명세서,1
빨대,1
훈증,1
산화칼륨,1
명수,1
동심,1
렌치형,1
황기,1
팔미도,1
베이트,1
스레,1
지연,1
토션바,1
공신,1
도파,1
국산품,1
기갑부대,1
모드,1
크레졸,1
징비록,1
방대,1
징등,1
카드리더기,1
영서,1
초자연,1
동형,1
녹말,1
멈치용,1
남방,1
빠루,1
토션,1
리무,1
세차장,1
파워서플라이,1
무보수,1
축압기등,1
철마,1
한동원,1
목적지,1
무색,1
잉트,1
개등,1
아셀,1
토피,1
메네스,1
로라,1
반정,1
기념물,1
목욕,1
요구사항,1
홀캇타,1
간호사,1
서산,1
소결,1
멤버,1
송사,1
자기초,1
성공,1
사장,1
유튜브,1
단칸,1
다시다,1
등속,1
겹눈,1
포복,1
랜딩,1
폐렴,1
샤휠,1
실러,1
군번,1
띠용등,1
교육성,1
관건,1
일렉기타,1
어회,1
진등,1
대야,1
연두색,1
등강기,1
푸시,1
제막식,1
에스컬레이터,1
계표,1
풋트,1
크로우,1
원기,1
국회,1
이외,1
손잡다,1
수명연장,1
제시,1
주의,1
터니켓,1
구토,1
끈멈치,1
히아루,1
굴착,1
글리콜,1
풍력발전,1
재난대응,1
예정,1
구봉,1
팬밸트,1
제병,1
비닐하우스,1
슬롯,1
횡요동감쇄,1
압력밥솥,1
경산,1
향균,1
돌쩌귀,1
새시,1
송로,1
변색,1
소프라노,1
토라,1
글래스,1
옵션,1
인젝터등,1
펀칭,1
평행,1
복권,1
군대,1
이온교환,1
나사못,1
파열,1
막내,1
씨앗,1
순무,1
동하,1
기선,1
가리산,1
플롯,1
장착기,1
초크,1
햇빛,1
표현,1
대장균,1
마이크로미터,1
해무,1
기동부대,1
폐합,1
토기,1
크리스탈,1
정성분석,1
전부,1
의례,1
스노우체인,1
사진촬영,1
리미,1
식중독,1
카티아,1
비프리,1
프로토,1
방독,1
군관,1
적층렉,1
스판,1
배비,1
장금,1
자발,1
쎄다,1
트블,1
전신타자기,1
루시,1
민지원,1
마이클,1
바트,1
사이언스,1
환부,1
패러다임,1
통결합체,1
동래부순절도,1
케브,1
스페이드핀,1
롯데,1
정실,1
방호복,1
우주개발,1
일류,1
카라멜,1
전정가위,1
제스,1
대의,1
지터,1
퍼즐,1
정보통신부,1
라트,1
전동유,1
군창,1
공화춘,1
물티슈,1
글리코,1
피롤,1
미디엄,1
발격포,1
덴트,1
원인,1
코레셔,1
우어,1
나발,1
플라스크,1
용비,1
상지,1
소부,1
칠이,1
인간관계,1
충의,1
쎄레,1
인과,1
노끈,1
발령,1
서카딘,1
방정,1
마이티,1
카탈리스트,1
에바,1
국악기,1
벽관,1
아라미드,1
브롬,1
한도,1
동상,1
수학여행,1
통반,1
핵신,1
과산화수소,1
팩킹등,1
리거,1
판펀,1
절삭날,1
성작,1
홍송,1
전도율,1
법규,1
원자력,1
칭기,1
기념관,1
엣지,1
전세기,1
부형,1
광양함,1
노부,1
기원,1
정표,1
다이빙,1
린디,1
감마,1
전문가,1
시편,1
안트라사이트,1
자간,1
한화,1
열사,1
부정행위,1
조정식,1
승선근무예비역,1
병역,1
대방동,1
휴대전화,1
급무,1
결찰,1
장생포,1
차탁,1
테두리,1
외장하드,1
레다,1
배려,1
화장품,1
구지원,1
커넥션,1
눈쌀,1
인절미,1
돗자리,1
비제,1
면전,1
이미드,1
통학버스,1
코솝,1
수경,1
피지,1
애자,1
유규,1
프레임워크,1
미공군,1
기어오일,1
형유압,1
직납,1
각지,1
전국,1
이지용,1
천체,1
삼투압,1
로스,1
혁명,1
전체,1
무국,1
계좌,1
풀등,1
연양갱,1
아이스밀크,1
레비,1
소해윈치,1
삼나무,1
전문화,1
납추,1
콜리,1
직영,1
관외,1
바리톤,1
오름,1
절전,1
체련단련실,1
계엄,1
민주,1
증대,1
설문지,1
전인,1
도심,1
구리시,1
하단,1
요가,1
후보자,1
잔뇨량,1
스마,1
가시광선,1
솔더,1
유용성,1
원자력추진,1
에칭,1
막사,1
유비,1
교통안전표지판,1
생삽겹살,1
호박죽,1
오르다,1
색띠,1
판매업,1
액슬,1
풀드,1
과립,1
낙석,1
각부,1
방지책,1
시리즈,1
논문,1
무형,1
리페,1
백파이프,1
미스트,1
부패,1
뇨량,1
반절,1
연감,1
제인,1
그을음,1
고양시,1
암거,1
롤코,1
묘쇄,1
초대형,1
위트,1
용포,1
삼결,1
바닥나다,1
유망,1
안방,1
건전성,1
진복,1
피우다,1
구치,1
염료,1
토스터,1
쟈크,1
돔등,1
노브,1
스쿠터,1
깃대,1
교욱,1
쌍학,1
보석,1
공예품,1
외함,1
황정,1
관재,1
문지르다,1
노트북컴퓨터,1
부대마크,1
혼다,1
임부,1
요령,1
우취,1
포셉킷,1
종별,1
반지원,1
추락,1
원유,1
미보,1
바지락,1
군법,1
천보,1
쵸코,1
행거,1
표절,1
볼렌치,1
메졸,1
상강,1
드란트,1
바이럴,1
메터,1
정유용,1
신길동,1
이롭다,1
픗살,1
컴골,1
충액,1
양주시,1
환류,1
주말,1
정온,1
추수,1
나물,1
수형,1
전자도서,1
답사,1
형등,1
식염,1
퍼지다,1
플루,1
센트,1
러시아,1
마감,1
큐알론,1
현판,1
나로,1
전상,1
미노,1
아일랜드,1
분하다,1
보대,1
함선,1
워렌,1
타코미터,1
야수,1
입관,1
감초,1
알큐,1
케이드,1
컷팅봉,1
아시클로버,1
면장,1
압류,1
베란다,1
무선인터넷,1
외측,1
평가원,1
교채,1
자루,1
융착기,1
수감,1
압변,1
상해,1
남품,1
가오리,1
숙박시설,1
숙박업소,1
횡도,1
자세,1
발화,1
대강,1
공중급유기,1
물리,1
서초구,1
로커룸,1
침낭롤,1
낮다,1
디옥,1
양지,1
부위,1
증후군,1
쳬계,1
우루사,1
캣치,1
랄액,1
경로,1
켑슐,1
미래부,1
까르보나라,1
구합,1
스팬션,1
탄연,1
테이저건,1
한문,1
기계공,1
임진,1
카보닌,1
대퇴부,1
졸업식,1
색소,1
면떡,1
종진,1
각대,1
교반,1
아교,1
도실,1
캔커피,1
교자,1
용동,1
비탄,1
북단,1
아름,1
조사리,1
플렉스,1
강력,1
인터쿨러,1
간호학,1
룸메,1
전동조,1
시제,1
조지원,1
모터사이클,1
태양열,1
청자,1
엔리먼트,1
필요하다,1
외고,1
피펩팁,1
처분,1
자력,1
대체재,1
환형,1
해경,1
날염,1
잉여,1
파급,1
베루말,1
규칙,1
미방,1
용외,1
북핵,1
투입,1
자폭,1
추진단,1
은하수,1
페턴,1
사망률,1
공군본부,1
씨디,1
련장유압,1
출하,1
편지,1
반환,1
학급,1
편년사,1
및축,1
주비,1
어드퍼,1
셀트,1
현역,1
정착,1
테니스,1
분쟁,1
대한국,1
서고,1
세계대전,1
개혁,1
문산,1
유압잭,1
및망,1
멘톨,1
효성,1
리코,1
절대,1
충진,1
부석,1
제반,1
틸팅,1
목시,1
밴딩,1
웹툰,1
부싱용,1
재능,1
이발소,1
바니쉬,1
연판,1
정전용량,1
외다,1
샌드백,1
닉켈등,1
보틀,1
발달,1
환통류,1
박옥규,1
구전,1
레디,1
끼우다,1
튜너,1
접항,1
잗비,1
아이디어,1
일산화탄소,1
물변,1
다대,1
두껑,1
접안렌즈,1
기승,1
담금질,1
접봉,1
디지탈,1
터러복등,1
패스츄리,1
광각,1
짱아찌,1
탈착,1
수술복,1
면범,1
기계가공,1
점멸,1
연역,1
가쓰오부시,1
고령자,1
디텐드,1
딥스,1
포틀랜드,1
주포,1
심리상담,1
거주,1
경항공모함,1
비스킷,1
팬등,1
복대,1
껍질,1
해독제,1
측풍,1
디지털백,1
백상지,1
요도,1
절제,1
내증,1
소식,1
베셀,1
조개,1
파란색,1
공단,1
선도,1
차휠,1
종대,1
팸스,1
최근,1
톤부싱등,1
제단,1
덤웨이터,1
타타,1
광양,1
부의,1
울릉도,1
동송,1
산호,1
덴쳐바,1
법인,1
사라,1
석등,1
제관,1
군복,1
허리띠,1
레미,1
콜로이드,1
경사면,1
요건,1
연주자,1
베이스기타,1
에어백,1
촛대,1
세타,1
보안사,1
스톤,1
밀착,1
페닐,1
처벌,1
표백제,1
자기공명,1
손도끼,1
기행,1
동두천,1
빅토리,1
뱃지,1
플렌지결합체,1
리미트,1
행위,1
코발트,1
보령,1
염화칼륨,1
성실,1
위성전화,1
호이스,1
핑거,1
팔레,1
토익,1
캐롤,1
정림,1
절판,1
부가,1
하리,1
및충진,1
지목,1
설다,1
검은색,1
승차,1
호루,1
입회,1
쇼피닝,1
원두,1
배구공,1
빙고,1
상실,1
컷팅자,1
스타일,1
장흥동,1
포룡,1
어셈블러,1
시프,1
케이엠,1
후불,1
철차,1
정보원,1
인테리어,1
스텐레스형,1
초대교회,1
보계,1
인형,1
서보모터,1
계지원,1
특별자치시,1
손소독제,1
중공업,1
수입품,1
형호,1
바피,1
병탄,1
품모,1
빛고을,1
양지역,1
어답터,1
확충,1
전차전,1
진격,1
보반,1
임피,1
더스,1
수질오염,1
변역,1
케이블카,1
편심,1
범죄예방,1
인증서,1
케리,1
명부,1
헤어,1
드라이기,1
거북선,1
전륜,1
과식,1
티스,1
커팅엣지,1
철망,1
드라이빙,1
시메티딘,1
솔렌노,1
라돈,1
역전,1
출결,1
페낙,1
정방호,1
용축등,1
학산,1
용컵등,1
셸터,1
유압식등,1
리델,1
커니,1
코튼,1
커피포트,1
유명하다,1
청림,1
핑킹,1
스트로,1
진유,1
주차장,1
황목,1
표범,1
터비,1
디플로,1
코톨론,1
소코,1
감쇄기,1
검안,1
향로,1
납축,1
화지,1
샤클,1
도막,1
방수재,1
주관,1
출연,1
트랜섬,1
샴푸,1
리튬배터리,1
피켓,1
말레이시아,1
슬러,1
아일렛,1
삼척,1
다이크,1
차주,1
칼씰,1
기침,1
종류,1
성남,1
여압누출,1
법당,1
외등,1
케틀벨,1
썬팅,1
회투,1
이정표,1
삭제,1
중견,1
동반성,1
가모,1
에어컨디셔너,1
라디오존데,1
백열,1
에피네프린,1
본류,1
트램폴린,1
과속,1
역주행,1
장발,1
통일대교,1
섀클등,1
배설기,1
마주,1
통닭구이,1
형조,1
광파,1
다짐,1
제화,1
인드리,1
벳등,1
커피잔,1
피크닉,1
사열,1
떡갈비,1
소방복,1
토큰,1
동성,1
구장,1
티램주,1
준법,1
개품,1
랙결합체좌,1
서해,1
돈스,1
방치,1
포비,1
중화가,1
지팡이,1
천문대,1
영주권,1
이버맥,1
적신,1
대체요법,1
플린트,1
자해,1
사망,1
예우,1
상영,1
덴티움,1
스크린골프,1
경대,1
시가지,1
교육비,1
입교,1
벌브,1
상단,1
핸드폰,1
왜건,1
인덱스,1
광원,1
호위,1
광컨버커,1
크라프트,1
베스트,1
차외,1
평정,1
구보,1
무사,1
제계,1
웹사이트,1
레그프레스,1
션등,1
기탄,1
실콘,1
글리,1
볼루,1
등판등,1
쿼더런트,1
장축,1
광축,1
단디,1
섹스,1
청주시,1
신검,1
오손,1
습격,1
오메,1
교통사고,1
폐활량,1
수영모,1
육적,1
프레드,1
중지,1
화이,1
창등,1
실험설계,1
발의,1
신종,1
파이브,1
지휘자,1
맑은,1
트겔,1
풀룻,1
제국,1
화교,1
구취,1
로탈,1
포스,1
셀렉,1
전보,1
생일케이크,1
인행처,1
높낮이,1
합천,1
타이레놀,1
아디,1
정등,1
디플렉트형,1
탈의,1
사유,1
티그,1
포터,1
스콜,1
비스트,1
경장,1
가도,1
수령,1
레인지,1
워키토키,1
옥내,1
싯업,1
전투원,1
벽돌,1
주기용,1
아데노신,1
바스타,1
틴정,1
유압식잭,1
투베르쿨린,1
피디,1
새우깡,1
네오스티그민,1
정아,1
들리다,1
면포,1
파워스티어링,1
스치다,1
해커,1
인포그래픽,1
본넷등,1
누마렌,1
전건,1
탈산,1
자정,1
머그잔,1
리사,1
봉기,1
버드,1
잔료량,1
롤백,1
나토,1
쪼끼,1
포르투갈어,1
장재,1
백서,1
체육대회,1
귀빈,1
중인,1
용창,1
주유소,1
포트폴리오,1
오슬로,1
경추,1
직관,1
닭망,1
농지,1
삼중수소,1
주주,1
셀터,1
구식,1
마모,1
세면대,1
기혼,1
지장,1
트로피,1
청소년,1
역설계,1
풀통,1
낙하,1
각막,1
유온,1
딩시,1
철핀,1
오프너,1
고창,1
전함,1
동해안,1
사다리꼴,1
브레이커,1
트콘트롤써킷,1
폴딩,1
접촉성,1
헌화,1
스피너,1
방폭문,1
돌출,1
포터블,1
남미,1
어청도,1
보조장,1
변위,1
대류권,1
산란,1
석류,1
성안,1
개입,1
컷터,1
자낙스,1
시뮬,1
도립,1
체계관리자,1
판매원,1
간벌,1
종반,1
별내,1
사신,1
리리,1
덕동,1
묘역,1
타액,1
자치,1
담당자,1
온통,1
식판회,1
피벗,1
지형도,1
워시,1
처지다,1
방사포,1
방물,1
알씨,1
리듐전,1
손수건,1
혼자,1
루파,1
핀정,1
동명,1
스포티지,1
손실,1
보전,1
캠등,1
축지,1
국용,1
동의,1
경하,1
폴리카보네이트,1
지압,1
얼굴인식,1
변류기,1
이윤제,1
라멘,1
미디,1
소비,1
수용률,1
삽외,1
트롤리,1
타군,1
단체교섭,1
헤르,1
노무,1
심폐소생,1
상반신,1
복트,1
메디아,1
사이버테러,1
더마틱스,1
항정,1
칠판,1
시금치,1
스캐닝,1
용차,1
톤덤프,1
스트드,1
스위처,1
토체,1
꾸리,1
우편,1
자미,1
비산,1
스트레,1
의도,1
반갑다,1
둥지,1
사이버공격,1
타악기,1
반파,1
장외,1
레딩,1
구단,1
관대,1
대재,1
태평소,1
트프레스,1
환제,1
폰트,1
함체,1
수은등,1
흔적,1
안전훈련,1
학술지,1
상보,1
펜치,1
컴팩트,1
롤컷,1
후춧가루,1
민수형,1
