순번,키워드,표제어,설명,출처
1,가,가격검증제도,"Cost Audit System. 업체 제시가격 및 계약가격의 적절성을 보장받기 위하여 해당국 정부의 원가전문기관으로부터 원가검증 지원(Field Pricing Audit Service)을 받아 가격의 합리성 여부를 판단하는 방법으로서, 미국과는 안보지원규정에 의하여 가격을 검증하고, 기타 국가와는 방산군수 협력 협정에 의한 가격검증 양해각서(MOU)를 체결하여 가격을 검증하는 제도를 말한다.",방위사업관리규정 별표
2,가,가격조사,"적정한 거래가 형성된 경우에는 그 거래실례가격을, 거래실례가격 또는 원가계산방법에 의할 수 없는 경우에는 감정가격, 유사한 물품의 거래실례가격 또는 견적가격을 조사하여 예정가격 결정하기 위한 기초자료를 작성하는 것을 말한다.",방위사업관리규정 별표
3,가,가계약,假契約/Draft Contract. 계약의 효력이 특정조건의 충족시 발효키로 약정하고 체결한 계약을 말하며 국외조달에서만 해당된다.,방위사업관리규정 별표
4,가,가설재료,"비계, 거푸집, 동바리 등 공사목적물의 실체를 형성하는 것은 아니나 동 시공을 위하여 필요한 가설재를 말한다.",계약예규 5. 제2조
5,가,간선시설공사,"공사기간동안 도로의 점용·굴착 또는 기타의 사유로서 교통체증, 소음 등을 유발함으로써 인근지역 주민들의 생활에 지장을 초래할 것으로 예상되는 공사로서 추정금액이 30억원 이상인 도로등 토목공사와 추정금액이 10억원 이상인 전기·전기통신·가스·상하수도·교통안전시설·포장공사 또는 택지개발촉진법, 주택건설촉진법, 산업입지 및 개발에 관한 법률, 도시재개발법 등에서 규정하는 택지·주택단지·대지·공단조성지역 및 재개발지역 등의 사업시행지역내에서 집행하려는 도로등 토목공사와 전기·전기통신·가스·상하수도·교통안전시설·포장공사 등을 말한다.",계약예규 15. 제2조
6,가,감리,"분야별 감리의 정의는 아래와 같다. 1. 시설공사에 있어 감리는 관계 법령이나 기준, 설계도서 또는 그 밖의 관계 서류 등에 따라 적정하게 시행될 수 있도록 관리하거나 시공관리·품질관리·안전관리 등에 대한 기술지도를 하는 건설사업관리 업무를 말한다. 2. 정보화사업에 있어 감리는 정보체계를 구축함에 있어서 사업추진의 시행착오를 예방하고 사업의 효율성과 경제성을 제고하며 체계운영상의 합리성과 건전성을 확보하기 위하여 사업자 이외의 별도 전문가가 소정절차에 따라 계획, 집행, 유지관리 등 사업전반에 대하여 권고 조언하고 대안을 제시하여 시정하는 등의 관리업무를 수행하는 활동 일체를 말한다.","건설기술관리법 제2조, 국방전력발전업무훈령 별표"
7,가,감리원,일정한 자격을 갖추고 감리전문회사의 감리원으로 등록한 자로써 감리전문회사에 종사하면서 책임감리 업무를 수행하는 자를 말한다.,계약예규 11. 제39조
8,가,감리전문회사,책임감리를 업으로 하고자 특별시장·광역시장 또는 도지사에게 감리전문회사로 등록된 법인체를 말한다.,계약예규 11. 제39조
9,가,감손율,"방산물자 생산을 위하여 투입되는 재료가 생산 및 검사를 거쳐 제품으로 완성될 때까지 정상적인 작업조건하에서 일반적으로 발생하는 재료의 손실률, 불량률, 시료율을 말한다.",방위사업관리규정 별표
10,가,감액처리,계약이행과정에서 규격불일치품목에 대해 사용이 가능하여 납품을 수락한 경우 납품대가 중 계약금액에 대한 일정비율을 삭감한 후 지급하는 제도로써 방위사업청에서 계약체결한 물자류 품목 중 품질보증기관에서 규격 불일치로 판정되었으나 면제승인되어 납품이 수락된 품목에 대해 적용한다.,지출심사 실무지침서
11,가,개산가격,개산계약을 체결하기 위하여 개산원가에 기초하여 결정한 가격을 말한다.,방위산업계약사무처리규칙 제2조
12,가,개산계약,"개발시제품의 제조계약, 시험·조사·연구 용역계약, 공공기과과의 관계 법령에 따른 위탁 또는 대행 계약, 시간적 여유가 없는 긴급한 재해복구를 위한 계약 등에 해당되어 미리 가격을 정할 수 없을 때 체결하는 계약",국계법 제23조
13,가,개산원가,방산원가에서 개산원가란 개산계약의 체결을 위하여 개산가격을 산정하기 위한 기초자료로서 계산되는 원가를 말한다.,방산원가대상물자의원가계산에관한규칙 제2조
14,가,개찰,입찰공고에 표시된 장소와 일시에 계약담당공무원이 제출받은 입찰서를 개봉하는 것이며 국방전자조달시스템을 이용해 공고된 입찰은 입찰공고에 표시된 절차와 방법에 의해 개찰 처리한다.,국계법 제40조
15,가,개찰일시,"계약담당공무원이 해당 입찰공고를 개찰 처리하는 시간을 말하며, 통상 입찰서제출 마감일시의 30분 또는 1시간 이후로 설정된다. 시스템상 개찰 처리는 개찰일시 이후부터만 가능하며 계약담당공무원이 입찰 관련 사항 확인 등의 작업을 수행함에 따라 개찰일시보다 다소 늦어질 수 있다.",정보화기획담당관
16,가,건설공사,"토목공사, 건축공사, 산업설비공사, 조경공사, 환경시설공사, 그 밖에 명칭에 관계없이 시설물을 설치ㆍ유지ㆍ보수하는공사(시설물을 설치하기 위한 부지조성공사 포함) 및 기계설비나 그 밖의 구조물의 설치 및 해체공사 등을 말한다. 단 전기공사, 정보통신공사, 소방시설공사, 문화재 수리공사는 제외한다.",건설산업기본법 제2조
17,가,건설업자,건설공사를 하는 자를 말한다.,건설폐기물의 재활용촉진에 관한 법률 제2조
18,가,건설폐기물,"「건설산업기본법」에 따른 건설공사로 인하여 건설현장에서 발생하는 5톤 이상의 폐기물(공사를 시작할 때부터 완료할 때까지 발생하는 것만 해당)하는 것을 말한다. 건설폐기물의 종류에는 폐콘크리트, 폐아스팔트콘크리트, 폐벽돌, 폐블록, 폐기와, 폐목재, 폐합성수지, 폐섬유, 폐벽지, 건설오니, 폐금속류, 폐유리, 폐타일 및 폐도자기, 폐보드류, 폐판넬, 건설폐토석, 혼합건설폐기물, 건설공사로 인하여 발생되는 그 밖의 폐기물 등을 말한다.",건설폐기물의 재활용촉진에 관한 법률 제2조
19,가,건설폐기물 처리업,"건설폐기물의 수집·운반업 또는 중간처리업을 말한다. 수집·운반업이란 건설폐기물을 수집하여 처리장소로 운반하는 영업을 말하고 중간처리업이란 건설폐기물을 분리, 선별, 파쇄하는 영업을 말한다.",건설폐기물의 재활용촉진에 관한 법률 제2조
20,가,검사,계약목적물이 관련법령에 적합하고 해당규격·구매사양서대로 제조·설치되어 있는지 여부를 검사관이 확인하는 것을 말한다.,물품제조구매계약특수조건표준(특정조달) 제2조
21,가,검사 및 납품조서,"물품을 검사하고 납품한 사실을 기록한 조서를 말한다. 검사조서는 검사기관(국방기술품질원)의 날인, 납품조서는 수납기관(수요군)의 날인을 받게 되며 검사 및 납품조서는 계약이행 확인과 납품대가 산정에 활용된다. 국방전자조달시스템 - 전자문서유통 - 국내조달(또는 부대조달) - 검사 및 납품조서 메뉴에서 검사의뢰서 작성 및 수정, 조서 조회 등의 업무를 처리할 수 있다.","정보화기획담당관, 계약실무 편람"
22,가,검수,검사에 합격한 계약 목적물이 운송 중에 손상 또는 훼손을 입었는지 여부와 계약서 또는 납품서류상의 수량대로 납품되었는지 여부를 확인하는 업무를 말한다.,물품제조구매계약특수조건표준(특정조달) 제2조
23,가,검측감리원,책임감리원 및 보조감리원을 보좌하여 설계도서에서 정한 규격 및 치수 등에 대하여 시설물의 각 공종마다 지속적으로 검측업무를 수행하는 자를 말한다.,계약예규 11. 제39조
24,가,결산,한 회계연도 내에 있어서의 세입예산의 모든 수입과 세출예산의 모든 지출을 확정적인 계수로 표시하는 활동을 말한다.,조달관리 실무과정
25,가,경매종료일시,"국외조달 역경매입찰 시 입찰공고에서 정한 역경매 입찰서 제출마감일시를 말한다. 다만, 경매종료일시 직전에 새로운 입찰자가 있는 경우에는 연장된 종료일시를 말한다.",역경매입찰 특별유의서 제2조
26,가,경비,"제품의 제조를 위하여 소비된 제조원가중 재료비, 노무비를 제외한 원가를 말하며 기업의 유지를 위한 관리활동부문에서 발생하는 일반관리비와 구분된다.",계약예규 2. 제11조
27,가,경쟁입찰,"2인 이상의 대상자가 참여하여 경쟁하는 입찰방법을 말한다. 크게 일반경쟁, 제한경쟁, 지명경쟁 등의 방법이 있으며 경쟁입찰은 2인 이상의 유효한 입찰로 성립한다.",정보화기획담당관
28,가,계산가격,방산원가에서 계산가격은 총원가에 이윤과 투하자본보상비를 합한 금액을 말한다.,방산원가대상물자의원가계산에관한규칙 제2조
29,가,계속공사,직전 또는 현재의 시공자와 수의계약을 체결할 수 있는 공사를 말한다.,국계법 시행령 제15조
30,가,계속비계약,완성에 수년도를 요하는 공사나 제조 및 연구개발사업에 대해 체결하는 계약으로 해당 사업의 총액과 연부액이 명백하게 하여 계약이 체결되어야 한다.,국계법 제21조
31,가,계속비대형공사,공사비가 계속비예산으로 계상된 대형공사를 말한다.,국계법 시행령 제79조
32,가,계약 해제,"계약의 해제란 일정한 해제사유에 해당되는 경우에 어느 한쪽의 해제 의사표시에 의해 계약을 처음부터 없는 것으로 소급적으로 무효화시키는 것을 말한다. 따라서 계약당사자에게는 계약 전의 상태로 원상회복시킬 의무가 부여된다. 계약의 해제는 당사자를 계약관계의 구속으로부터 해방시켜 자유롭게 하며(해방효), 또한 당사자를 계약체결 이전의 상태로 복귀시키는 데(원상회복) 주된 의의가 있다. 그 외에 계약을 이행하지 않는 상대에게 징벌적인 제재를 하는 의미도 있다.",지식마당
33,가,계약 해지,"계약의 해지란 일정한 해지사유에 해당되는 경우에 어느 한쪽의 해지 의사표시에 의해 계약의 장래에 대해 소멸시키는 것을 말한다. 그러므로 이미 발생된 계약의 내용은 그대로 유효하며, 이때는 계약당사자에게 계약 전의 상태로 원상회복시킬 의무가 부여되지 않는다. 당사자 일방의 의사표시에 의한다는 점과 그 발생원인에 있어서 해지는 해제와 유사하지만 장래에 대해서만 효력이 발생한다는 점, 즉 소급효가 없다는 점에서 해제와 구별된다. 그 밖에는 해제에서와 같은 내용이 적용된다.",지식마당
34,가,계약관,계약에 관한 사무를 담당하는 공무원을 말한다.,국계법 시행령 제5조
35,가,계약관리본부,"방위사업청 소속기관으로 방위사업의 원가, 계약 및 표준의 관리에 관한 사무를 관장하며 하부조직으로 계획지원부, 국제계약부, 무기체계계약부, 장비물자계약부, 원가회계검증단을 두고 있다.","방위사업청소속기관직제 제15조,제17조"
36,가,계약금액,"확정계약의 경우에는 계약을 체결할 때 예정가격에 기초하여 계약당사자가 합의하여 정하는 금액을 말하고, 개산계약(槪算契約)의 경우에는 계약이행 중 또는 계약이행 후에 산정된 실제발생원가에 기초하여 결정된 금액을 말한다.",방위산업계약사무처리규칙 제2조
37,가,계약단가,공사계약에 있어 산출내역서상의 각 품목 또는 비목의 계약단가를 말한다.,국계법 시행규칙 제74조
38,가,계약담당공무원,"세입의 원인이 되는 계약에 관한 사무를 각 중앙관서의 장으로부터 위임 받은 공무원, 「국고금관리법」에 의한 재무관, 「국가를 당사자로 하는 계약에 관한 법률」에 의한 계약관 및 「국고금관리법」에 의하여 지출관으로부터 자금을 교부받아 지급원인행위를 할 수 있는 관서운영경비출납공무원과 기타 법령에 의하여 세입세출외의 자금 또는 기금의 출납의 원인이 되는 계약을 담당하는 공무원을 말한다.",국계법 시행규칙 제2조
39,가,계약대금,계약상대자에게 계약이행의 대가로 지급하는 금액을 말한다.,방위산업계약사무처리규칙 제2조
40,가,계약목적물,"소프트웨어사업에 있어 소프트웨어사업 수행을 통해 산출되는 소프트웨어, 정보시스템 및 이와 관련된 서비스, 기타 부수하는 조작 설명서 등으로 계약에 의하여 발주기관이 최종적으로 인수하는 계약의 목적물을 말한다.",계약예규 11. 제49조
41,가,계약문서,"계약담당공무원과 계약상대자의 계약에 있어 수행해야 할 사항을 기재한 문서들로 크게 계약서, 규격서, 유의서, 계약일반조건, 계약특수조건, 과업내용서, 산출내역서 등으로 구성되며 계약 유형과 목적에 따라 문서 구성은 달라질 수 있다.",계약예규 11. 제2조
42,가,계약번호,"계약번호 부여체계는 아래와 같다. 1. 방위사업청 중앙조달 (국내조달) ex) 2011 - 50 - 1 - 1018 - 01 1) 2011 : 계약연도 2) 5 : 계약팀 구분 (0: 기동화력계약팀, 1: 신특수유도무기계약팀, 2: 함정계약팀, 3: 항공기계약팀, 4: 지휘통제감시정찰계약팀, 5: 일반장비계약팀, 6: 통신장비계약팀, 7: 급식유류계약팀, 8: 물자계약팀, 9: 운영지원과) 3) 0 : 계약관 구분 (0: 주임계약관, 1: 분임계약관) 4) 1 : 장,단기 계약/일반,방산 계약 구분 (1: 일반단기, 2: 방산단기, 3: 일반장기, 4: 방산장기) 5) 1018 : 계약체결부서 구분 및 일련번호 (0001~4000: 무기체계계약부, 5001~8000: 장비물자계약부, 8001~9999: 운영지원과) 6) 01 : 수정계약차수 2. 방위사업청 중앙조달 (국외조달) ex) KD21DA09C28 1) KD : KFX-DAPA(Korean Foreign eXchange-Defense Aquisition Program Administration)의 약자  2) 2 : 계약연도의 끝자리 숫자 3) 1 : 수요군 구분 (1: 육군, 2: 해군, 3: 공군, 4: 국직) 4) D : 기능구분 (B: 화력, D: 통신, E: 공병, G: 기동, L: 수송) 5) A : 품목구분 (A: 장비, C: 물자, D: 확정부품, M: 한도액부품) 6) 0 : 사업구분 (5: 방위력개선사업, 0: 전력운영사업) 7) 9 : 팀구분 (7: BOA팀, 8: 국제부품계약팀, 9: 국제장비계약팀) 8) C28 : 계약일련번호 3. 각 군부대 부대조달 ex) 2012UMM0005-01 1) 2012 : 계약연도 2) UMM : 부대 구분 부호 (UMM: 국군재정관리단) 3) 0005 : 해당 부서에서 체결한 누적계약번호 4) 01 : 수정계약차수","방위사업관리규정 별지, 정보화기획담당관"
43,가,계약보증금,계약을 체결할 때 계약가액의 일부를 계약보증금이라고 해서 지급하는데 이는 계약이 완전히 성립하였다는 증거금으로써의 의의와 어느 한편이 임의로 계약을 철회할 때 위약벌로 몰수의 의미로 의의를 갖으며 계약금액의 10/100을 지급한다.,계약업무 CHECKPOINT
44,가,계약상대자,발주기관과 계약을 체결한 자연인 또는 법인을 말한다.,계약예규 9. 제2조
45,가,계약인수,기존 계약에 있어서의 계약상대자의 모든 계약상 지위를 제3자(계약인수업체)에게 이전(양도)함으로써 계약상대자를 변경하는 계약을 말한다.,계약변경업무 처리지침 제2조
46,가,계약일반조건,"기획재정부 계약예규에서 계약담당공무원과 계약상대자 간에 계약을 체결할 때 계약문서에 들어갈 일반적인 사항을 기술한 계약조건을 말한다. 계약예규상에는 물품구매(제조), 공사, 용역 분야 계약일반조건이 명시되어 있다.",계약예규
47,가,계약체결,경쟁입찰 또는 수의협상 등의 절차를 거쳐 판매자와 구매자간의 계약조건 및 가격에 대한 합의사항을 설문화하기 위한 문서로 작성하는 법률 행위를 말한다.,국방조달 참여 길라잡이
48,가,계약특수조건,"기획재정부 계약예규인 계약일반조건은 일반적인 사항을 규정하고 있는데 비해, 계약특수조건은 구체적인 계약에 있어서의 계약이행요구사항, 납지, 납기, 검수와 인수 등의 추가적이고 세부적인 계약조건을 말한다. 계약일반조건과는 달리 계약특수조건은 방위사업청 예규로 분야별 표준안이 규정되어 있으며 계약담당공문원은 각 계약의 특성에 따라 표준안을 변경, 추가하여 계약문서를 작성한다. (국외조달은 계약일반조건도 방위사업청 예규로 규정되어 있다)",계약상식 질의응답집
49,가,고시금액,정부조달협정과 이에 근거한 국제규범에 따라 기획재정부장관이 정하여 고시하는 금액으로 국제입찰에 따른 정부조달계약의 범위는 정부기관이 체결하는 물품·공사(工事) 및 용역의 계약으로서 고시금액 이상의 계약으로 한다.,국계법 시행령 제2조
50,가,공개수의협상,관련법령에 따라 경쟁계약을 체결할 수 없는 불가피한 경우에 수의계약을 체결하기 위해 가격협상 등 협상관과 조달업체 간의 일련의 협의행위를 말한다. 수의협상 중 공개수의협상은 수의협상 내용이 공개되어 다수 업체의 견적서 제출이 가능한 협상을 말한다.,계약실무 편람
51,가,공고,"일반경쟁 및 제한경쟁의 경우에는 입찰이 있음을 알리고 모든 유자격자의 입찰참가를 권유하는 것을 말하며, 지명경쟁의 경우에는 입찰권유와 관련없이 단지 입찰이 있음만을 알리는 것을 말한다.",특정물품조달특례규정 제2조
52,가,공고문안,"국방전자조달시스템에서 입찰공고문안은 크게 2가지 방법으로 게시된다. 방위사업청 계약(중앙조달)의 경우 OZ 뷰어를 활용하여 시스템상에서 출력이 가능하며, 각 군부대 계약(부대조달)의 경우 입찰공고문이 한글 문서(hwp) 형태로 작성되어 첨부파일로 등록된다. 첨부파일로 등록된 입찰공고문과 시스템상 공고문의 내용이 상이한 경우, 관계법령을 준용하여 첨부파일로 등록된 입찰공고문의 내용을 우선으로 한다.",정보화기획담당관
53,가,공급확약서,방위사업청 계약(중앙조달)에 있어 계약업체가 대상 물품의 규격에 일치하는 제품의 공급을 확약하는 증명서를 말한다. 방위사업관리규정에 따라 물품구매계약의 경우 계약특수조건에 공급확약서가 포함되어야 한다.,방위사업관리규정 제414조
54,가,공동계약,공사계약·제조계약 또는 그 밖의 계약에서 계약상대자를 둘 이상으로 하여 체결하는 계약을 말한다.,국계법 제25조
55,가,공동수급체,구성원을 2인 이상으로 하여 수급인이 당해계약을 공동으로 수행하기 위하여 잠정적으로 결성한 실체를 말한다.,계약예규 8. 제2조
56,가,공동수급체 대표자,공동수급체의 구성원 중에서 대표자로 선정된 자를 말한다.,계약예규 8. 제2조
57,가,공동수급협정서,공동계약에 있어서 공동수급체구성원 상호간의 권리·의무 등 공동계약의 수행에 관한 중요사항을 규정한 계약서를 말한다.,계약예규 8. 제2조
58,가,공동이행방식,공동계약의 유형 중 하나로 공동수급체 구성원이 일정 출자비율에 따라 연대하여 공동으로 계약을 이행하는 공동계약을 말한다.,계약예규 8. 제2조의2
59,가,공사감독관,"계약된 공사의 수행과 품질의 확보 및 향상을 위하여 공사 감독 업무를 수행하기 위해 정부가 임명한 기술직원 또는 그의 대리인을 말한다. 다만, 「건설기술관리법」에 의하여 책임감리를 하는 공사에 있어서는 당해공사의 감리를 수행하는 감리원을 말한다.","계약예규 9. 제2조, 제16조"
60,가,공사금액,"시설부대비(용역비, 보상비 등)를 제외한 추정금액을 말하며, 전차공사가 설계변경 등으로 계약금액이 증감된 경우에는 증감된 금액을 당초 추정금액에 가감한 금액을 말한다.",계약업무처리훈령
61,가,공사번호,국방전자조달시스템에서 사용하는 공사번호는 시설공사 입찰에서 각 조달품목(공사)을 구별하기 위해 시스템에서 부여하는 번호로 국내조달의 판단번호와 유사한 의미를 갖고 있다. 공사번호는 번호부여연도(4자리) + '-' + 일련번호(5자리)로 구성된다.,정보화기획담당관
62,가,공사시방서,"공사에 쓰이는 재료, 설비, 시공체계, 시공기준 및 시공기술에 대한 기술설명서와 이에 적용되는 행정명세서로서, 설계도면에 대한 설명 또는 설계도면에 기재하기 어려운 기술적인 사항을 표시해 놓은 도서를 말한다.",계약예규 9. 제2조
63,가,공사이행보증서,"공사계약에 있어서 계약상대자가 계약상의 의무를 이행하지 못하는 경우 계약상대자를 대신하여 계약상의 의무를 이행할 것을 보증하되, 이를 보증한 기관이 의무를 이행하지 아니하는 경우에는 일정금액을 납부할 것을 보증하는 증서를 말한다.",국계법 시행령 제2조
64,가,공인인증서,"「전자서명법」에 의해 공인인증기관으로부터 조달업체 대표자, 입찰대리인 또는 기관 명의로 발급 받은 모든 개인인증서 및 기관인증서를 말한다. 다만, 공인인증서에는 개인 및 기관을 확인할 수 있는 정보가 포함되어 있어야 한다.",국방전자조달시스템 이용에 관한 약관 제2조
65,가,공종,"공사의 특성에 따라 작업단계(예:가설공사, 기초공사, 토공, 철근콘크리트, 마감공사 등)별로 구분되는 것을 말한다.",계약예규 1. 제20조
66,가,과업내용서,"발주기관과 계약상대자가 최종적으로 합의한 사업의 범위를 구체적으로 기재한 문서로서, 계약당사자의 업무범위를 정의하는 문서를 말하며, 과업내용 변경의 기준서로서의 역할을 한다.",계약예규 11. 제49조
67,가,관급재료,방산원가에서 관급재료는 계약의 이행을 위하여 정부가 계약상대자에게 지급하는 재료를 말한다.,방산원가대상물자의원가계산에관한규칙 제2조
68,가,관급품,방산원가에서 관급품은 계약의 이행을 위하여 정부가 국내 또는 국외에서 조달하여 계약상대자에게 지급하는 재료ㆍ부품 등과 관계 법령에 따라 계약상대자가 정부로부터 대여 또는 양도받거나 보조금을 교부받아 구입한 기계장치ㆍ치공구(治工具)ㆍ검사용계기 등을 말한다.,방산원가대상물자의원가계산에관한규칙 제2조
69,가,구매요청번호,"국외조달의 구매요청번호 부여체계는 아래와 같다. Ex) PDD87001 1. P : 군별구분 (B: 육군, P: 해군, D: 공군, E: 국직)  2. D : 기능구분 (B: 화력, G: 기동, E: 공병, D: 통신, L: 수송, F: 항공, M: 화학, N: 병참, X: 의무, A: 항공, C: 함정, K: 탄약, J: 연료, Q: 건전지, R: 기타) 3. D : 품목구분 (A: 장비, B: 장비정비, C: 물자, D: 확정부품, E: 기술용역, F: 교육, M: 한도액부품, H: 기타) 4. 8 : 팀별구분 (7: BOA팀, 8: 국제부품팀, 9: 국제장비팀) 5. 7 : 해당연도의 끝 숫자 6. 001 : 일련번호",국제계약 실무과정
70,가,구입부품,방산원가에서 구입부품은 계약상대자가 국내에서 구입하는 부품을 말한다.,방산원가대상물자의원가계산에관한규칙 제2조
71,가,구입재료,방산원가에서 구입재료는 계약상대자가 국내에서 구입하는 재료를 말한다.,방산원가대상물자의원가계산에관한규칙 제2조
72,가,국가를 당사자로 하는 계약에 관한 법률,국계법. 국가가 당사자가 되는 계약에 관한 기본 사항을 정해 계약업무를 원활하게 수행하도록 규정하는 법을 말하며 방위사업청의 계약은 주로 국계법과 방위사업법에 규정된 계약 방법을 따라 이루어진다.,국계법
73,가,국가부호국부호,NCB Code(National Codification Bureau Code). 국가재고번호 중 군급분류번호(FSC) 다음 2자리 숫자로 구성되며 대한민국은 '37'이다.,국방전력발전업무훈령 별표
74,가,국가재고번호,NSN(National Stick Number). 보급품목을 식별하기 위하여 세계 전 국가에서 공히 사용되는 재고번호로서 그 구성은 13자리 숫자로 되어 있으며 4자리는 군급분류부호(FSC)를 그대로 적용하고 다음 2자리의 국가부호국부호(NCB Code)와 마지막 7자리는 품목식별번호(IIN)로 구성되어 있다.,국방전력발전업무훈령 별표
75,가,국가재고번호품목,"국가재고번호는 대한민국 군수품의 국가재고번호로서 나토(NATO)에서 부여한 것으로, 국내자본이나 기술에 의해 국내ㆍ외에서 독자적으로 개발된 품목 또는 외국 제품 중 국내개발 시 형상 등이 기존품목과 다르게 개량된 품목 등을 말한다. 국가재고번호의 부여대상은 대체로 연구개발품목, 성능 및 품질개선품목, 국내 기술에 의거 조립 생산된 품목, 국내생산 사용품 중 군수품으로 대체된 품목 등이 이에 해당된다.",국방전력발전업무훈령 별표
76,가,국가종합전자조달시스템,조달청장이 조달업무를 전자적으로 처리하기 위하여 구축·운용하는 정보시스템으로 나라장터를 말한다.,전자조달의 이용 및 촉진에 관한 법률 제2조
77,가,국군재정관리단,"군인·군무원 등에 대한 보수 등의 지급, 물품·공사·용역의 계약 등 군의 재정관리 업무를 통합적으로 수행하기 위한 국방부장관 소속 기관으로 부대조달 품목 중 5천만원 이상의 물품,공사,용역 계약 업무를 수행한다.",국군재정관리단령
78,가,국내조달 전자입찰,"국방전자조달시스템을 이용하여 행하여지는 입찰 중, 국내에서 생산 또는 공급되는 품목에 대한 입찰을 말한다. 시스템 메뉴 중 '국내조달'에서 이루어지는 입찰이 이에 해당되며 중앙조달/부대조달의 물품, 용역 분야 입찰이 여기에 속한다.",정보화기획담당관
79,가,국내조달원,"조달원 중 국내에 위치하여 군수품을 조달하는 업체를 말하며 크게 제조업체, 판매업체, 용역업체(국제계약운송업체, 거래은행, 하자검정업체, 연구개발용역업체 등)로 구분된다.",조달원 관리지침 제4조
80,가,국민신문고(전자민원창구),"정부에 대한 모든 민원, 국민제안, 정책토론 등을 신청할 수 있는 국민소통창구로 국민권익위원회에서 운영 중인 시스템이다. 전자민원 접수창구의 통합 요청에 따라 국방전자조달시스템 메인화면 - 전자민원창구 메뉴에서 접근이 가능하며 국방전자조달시스템에 민원 및 질의, 제안 등을 하고자 할 경우 국민신문고에 민원내용을 등록하면 해당 업무 담당자에 의한 답변을 받을 수 있다.",민원신청창구의 국민신문고로 프레임 통합을 위한 의견 요청
81,가,국방규격,"Korean Defense Specification. 군수품의 조달을 위하여 필요한 제품 및 용역에 대한 성능, 재료, 형상, 치수 등 기술적인 요구사항과 요구필요조건의 일치성 여부를 판단하기 위한 절차와 방법을 서술한 사항으로 규격서, 도면, QAR, 소프트웨어 기술문서 등으로 구성된다.",방위사업관리규정 별표
82,가,국방전자조달시스템,"국방획득전문기관인 방위사업청이 국방 분야 물품·용역·공사 조달업무를 위해 운영하는 체계로써 조달업체, 방위사업청 및 각 군 계약담당공무원이 인터넷 상에서 조달계획, 입찰공고, 전자입찰, 계약, 협상, 대금 지불, 전자문서유통 등 조달업무 전 과정을 처리하도록 지원하는 대민 시스템이다.",정보화기획담당관
83,가,국방전자조달시스템 관리규정,"국방전자조달시스템의 운영 및 관리에 대한 세부 절차와 방법을 규정한 방위사업청 훈령으로 '13.10.14에 최초 제정/시행되었다. 방위사업청과 국방부, 각 군부대에 해당되는 시스템 운영 규정이기 때문에 조달업체에 직접 영향을 끼치지는 않으나 시스템의 발전과 운영법, 불법투찰 방지, 콜센터 운영 등 더욱 투명하고 공정한 시스템 운영을 위해 마련된 규정이라 할 수 있다. 정보화기획담당관에서 담당한다.",정보화기획담당관
84,가,국방전자조달시스템 이용에 관한 약관,"방위사업청과 국방전자조달시스템을 이용하여 입찰의 참가나 계약의 체결 등 조달관련 업무를 수행하고자 하는 조달업체의 이용조건 및 절차, 권리·의무 등 필요한 사항을 명시한 방위사업청 예규이다. 주요 내용으로는 운영자와 조달업체의 역할과 책임, 시스템 장애, 전자거래문서 송수신 등이 있으며 회계제도담당관에서 담당한다.",정보화기획담당관
85,가,국방전자조달시스템 전자계약 사무처리지침,"국방전자조달시스템을 이용하여 계약업무를 전자적으로 처리할 때 필요한 사항을 명시한 방위사업청 예규이다. 주요 내용으로는 이용자 및 인증서 관리, 전자입찰, 전자수의계약, 전자계약 체결 및 이행 등이 있으며 회계제도담당관에서 담당한다.",정보화기획담당관
86,가,국방전자조달시스템 전자입찰 특별유의서,"국방전자조달시스템을 이용하여 물품, 공사 및 용역 등의 전자입찰에 참가하고자 하는 자가 특히 유의하여야 할 사항을 명시한 방위사업청 예규이다. 주요 내용으로는 국외조달 전자입찰 방법, 전자입찰 절차, 예정가격 결정, 입찰서 제출 등이 있으며 회계제도담당관에서 담당한다.",정보화기획담당관
87,가,국방통합원가시스템,"국방통합원가시스템은 이전 산정 위주의 원가업무 체계에서 드러난 여러 문제점(원가 부풀리기, 과다계상 등)을 해결하고자 검증 위주로 개편된 원가 업무를 지원하기 위해 새롭게 구축된 시스템으로 기존 국방전자조달시스템의 원가 체계에서 수행되어온 업무를 대체하여 별도의 특화 시스템으로 운영된다. - 서비스 개통 : '12.4.2 - 도메인 주소 : https://dics.d2b.go.kr (국방전자조달시스템 - 국방통합원가 메뉴) - 담당부서 : 계약관리본부 원가회계검증단",정보화기획담당관
88,가,국방표준바코드,"한국군이 군수품을 유통관리하는 과정에서 군수 전산업무 처리에 활용하기 위해 사용하는 바코드로서, 군수품식별코드, 검사및납품조서식별코드, 증빙서식별코드, 저장대식별코드를 표시하는데 사용한다.",국방표준바코드 운용지침서 별지
89,가,국방표준종합정보시스템,"국방표준종합정보시스템은 노후화된 기존 목록/규격체계를 대체하는 신규 시스템으로 군수품 획득, 운영유지 전(全) 단계의 표준화 업무를 지원하는 규격 및 목록 관리, 부품/단종 관리, BOM(Bill of Material)체계 관리 시스템이며 기존 국방전자조달시스템의 규격/목록 체계에서 수행되어온 업무를 대체하여 별도의 특화 시스템으로 운영된다. - 서비스 개통 : '13.4.1 - 도메인 주소 : http://kdsis.dapa.go.kr (국방전자조달시스템 - 국방표준종합 메뉴) - 담당부서 : 분석시험평가국 표준기획과",정보화기획담당관
90,가,국외조달,"국내조달과 대비되는 개념으로 장비, 물자 및 용역을 외국에서 조달하는 것으로 구매방법에 따라 대정부구매(FMS)와 상업구매로 구분된다.",국제계약 실무과정
91,가,국외조달 전자입찰,"국방전자조달시스템을 이용하여 행하여지는 입찰 중, 국외에서 생산 또는 공급되는 품목에 대한 입찰을 말한다. 시스템 메뉴 중 '국외조달'에서 이루어지는 입찰이 이에 해당되며 국외조달 메뉴는 방위사업청에서만 사용(각 군부대는 사용 안함)한다.",국방전자조달시스템 전자입찰 특별유의서 제2조
92,가,국외조달원,"조달원 중 국외에 위치하여 군수품을 조달하는 업체, 또는 국내업체 중에 국외업체와 협조하는 업체로 크게 국내소재상사[공급업체, 국외업체의 국내지사, 군수품무역업체(군수품무역중개업체 포함)], 국외소재상사(제조업체, 공급업체)로 구분된다.",조달원 관리지침 제4조
93,가,국유재산,"국가의 부담, 기부채납이나 법령 또는 조약에 따라 국가 소유로 된 재산을 말한다. 국유재산의 범위에는 부동산과 그 종물(從物), 선박, 부표(浮標), 부잔교(浮棧橋), 부선거(浮船渠) 및 항공기와 그들의 종물, 정부기업이나 정부시설에서 사용하는 기계와 기구, 지상권, 지역권, 전세권, 광업권, 증권, 지식재산 등이 포함된다. 국방부 국유재산 입찰/계약 업무는 관련 법령에 따라 국방전자조달시스템이 아닌 한국자산관리공사에서 관리하는 온비드 시스템(OnBid, 전자자산처분시스템)에서 이루어지고 있다.",국유재산법 제2조
94,가,국제입찰,"내·외국인 또는 외국인을 대상으로 하여 물품·공사 및 용역을 조달하기 위한 입찰을 말하며, 이에는 수의계약을 포함한다.",계약업무처리훈령
95,가,국채,국고채무부담행위. 다음 회계 연도에 지출할 것을 전제로 국회의 승인을 얻어 지출원인행위(계약)를 할 수 있으나 지출년도에 다시 국회의 승인을 얻어야 하는 예산을 말한다.,계약업무 CHECKPOINT
96,가,군급분류,"FSC(Federal Supply Classification). 군수품을 기능적으로 분류하여 부여한 번호로 군수품의 기능적 분류 및 검색기준이 되며, 재고번호 13자리 중 첫 4자리이며 앞의 2자리를 군(群: Group), 뒤의 두자리는 급(級: Class)이라 하며, 군은 78개, 급의 수는 838종이 있다.",국방표준바코드 운용지침서 별지
97,가,군수품,"국방부 및 그 직할부대ㆍ직할기관과 육ㆍ해ㆍ공군이 사용ㆍ관리하기 위하여 획득하는 물품으로서 무기체계 및 비무기체계, 전비품과 통상품으로 구분된다.","방위사업법 제3조, 군수품관리법 제2조"
98,가,규격서,"Specification. 제품 및 용역에 대한 기술적인 요구사항과 요구필요조건의 일치성 여부를 판단하기 위한 절차와 방법을 서술한 문서로서 제품의 성능, 재료, 형상, 치수, 용적, 색채, 제조, 포장 및 검사방법 등이 포함된다.",방위사업관리규정 별표
99,가,금차공사,"계약업무처리훈령(국방부)에 따른 수의계약 평가 대상공사를 말하며, 예산확보 및 복합공사 여부를 불문하고 전체 공사금액을 기준으로 한다.",계약업무처리훈령
100,가,기본설계 기술제안입찰,발주기관이 작성하여 교부한 기본설계서와 입찰안내서에 따라 입찰자가 기술제안서를 작성하여 입찰서와 함께 제출하는 입찰을 말한다.,국계법 시행령 제98조
101,가,기본설계입찰,일괄입찰의 기본계획 및 지침에 따라 실시설계에 앞서 기본설계와 그에 따른 도서를 작성하여 입찰서와 함께 제출하는 입찰을 말한다.,국계법 시행령 제79조
102,가,기본업무,용역계약에서 계약상대자가 수행하여야 하는 업무로서 과업내용서에 기재된 용역을 말한다.,계약예규 11. 제2조
103,가,기성,공사·제조·구매·용역 등의 계약에 있어서 기간에 따른 공정별로 사업계획서 상의 계약이행진도가 달성된 부분을 말한다.,기성제도 운영지침 제3조
104,가,기성률,사업계획에 반영된 연차별로 구분하여 작성된 공정표상 검사를 통해 사업계획서 상의 계약이행진도의 달성이 확인된 부분의 총 공정에 대한 비율을 말한다.,기성제도 운영지침 제3조
105,가,기성제도,장기계속계약 사업의 합법적 집행과 예산의 효율적 관리를 위해 국계법에 따라 기성부분에 대한 대가를 지급하기 위한 제도를 말한다. (방위사업청 중앙조달은 기성제도 운영지침을 따름),조달관리 실무과정
106,가,기술용역,"Technical Services. 용역이란 물자의 형태를 취하지 않고 생산과 소비에 필요한 노무를 제공하는 일(Service)을 말하며, 기술용역은 타인의 위탁에 의하여 고도의 과학기술을 응용하여 사업 및 시설물의 계획, 연구, 설계, 분석, 조사, 조달, 시험, 감지, 시운전, 평가, 자문, 지도, 그 밖의 사항을 용역 지원하는 것을 말한다.",국방전력발전업무훈령 별표
107,가,기술제안서,"입찰자가 발주기관이 교부한 설계서 등을 검토하여 공사비 절감방안, 공기단축방안, 공사관리방안 등을 제안하는 문서를 말한다.",국계법 시행령 제98조
108,가,기초예비가격,조사금액을 기준으로 계약담당공무원이 결정한 금액으로서 복수예비가격 산정의 기준이 되는 가격을 말한다.,계약업무처리훈령
109,가,긴급공고,각 발주기관의 처리지침에 의하여 정상공고의 공고기간보다 짧은 기간 동안 나가는 입찰공고를 말한다.,정보화기획담당관
110,나,나토생산자부호,"NCAGE(Nato Commercial And Government Entity). 나토국 및 목록회원국에서 회사명, 주소, 연락처 등 업체식별자료를 관리하기 위한 부호로써, 해당 업체는 나토생산자 부호를 부여받아 군수품 목록화 및 국제입창 업체등록에 사용하며, 우리나라는 ""XXXXF""의 형태를 사용한다. 신규 신청은 국방표준종합정보시스템에서 접수 및 관리한다.",정보화기획담당관
111,나,낙찰률,예정가격에 대한 낙찰금액 또는 계약금액의 비율을 말한다.,국계법 시행령 제31조
112,나,낙찰선언,"입찰공고의 개찰 처리 후 입찰금액의 적정성, 계약이행능력 등을 고려하여 계약상대자로 가장 적합한 입찰자를 선언하는 것으로 국방전자조달시스템을 통해 공고된 입찰은 입찰공고에 표시된 절차와 방법에 따라 낙찰선언이 이루어진다.",국계법 시행령 제40조
113,나,낙찰하한율,"입찰공고에서 예정가격 대비 낙찰이 가능한 하한가 비율을 말한다. 즉, 예정가격에 낙찰하한율을 곱한 금액이 낙찰하한가가 되며 낙찰하한가 이상의 투찰금액만 유효하게 된다. 낙찰하한율은 관련 규정에 따라 방위사업청/국방부/조달청 등 기관별, 물품/시설/용역/중소기업자간 등 분야별, 추정가격에 따른 차이 등 각기 상이하므로 해당 입찰공고문과 규정을 꼼꼼하게 확인할 필요가 있다.",정보화기획담당관
114,나,납기,군수품을 납품해야 하는 정해진 기간을 말한다.,정보화기획담당관
115,나,납지,군수품을 납품해야 하는 정해진 장소을 말하며 군수품 특성상 주로 각 군부대가 해당된다.,정보화기획담당관
116,나,납품,"Delivery. 구매 요구된 물품을 인수시키기 위하여 계약업자가 계약상 명시된 검사일시 및 장소에 해당 물품을 도착시키는 것을 말한다. 납품은 납품 대상지에 따라 지역도(地域渡), 부대도(部隊渡), 공장도(工場渡) 등으로 구분될 수 있다.",국방표준바코드 운용지침서 별지
117,나,납품검사,"Acceptance Inspection. 구매요구시 계약내용에 명시된 성능과 특성을 충족시키는지를 확인하는 검사로서 중앙조달인 경우 국방기술품질원, 부대조달인 경우 부대별 품질검사부서 또는 해당 지휘관이 임명한 검사관에 의해 실시한다.",국방표준바코드 운용지침서 별지
118,나,납품조서,"Delivery Record. 군 검사관이 납품검사를 하여 군이 요구조건에 합격한 물품을 업체에서 납지부대에 납품할 때 함께 제출하는 서류이다. 기재된 내용에는 계약번호, 재고번호, 납품일자, 납품장소, 품목, 수량, 금액 등이며 수납 및 대금 정산용으로 사용한다.",국방표준바코드 운용지침서 별지
119,나,납품통지,"단위당 단가와 예정수량을 약정한 연간 단가계약의 경우, 계약상대자에게 조달지시된 물품을 제조 또는 구매하여 지정한 기한까지 지정된 장소로 납품하도록 통지하는 것을 말한다.",국방조달 참여 길라잡이
120,나,내역입찰,입찰 시 산출내역서를 제출받는 입찰방법을 말한다.,계약예규 1. 제17조
121,나,노무비,"제조원가를 구성하는 직접노무비, 간접노무비를 말한다. 직접노무비는 제조현장에서 계약목적물을 완성하기 위하여 직접작업에 종사하는 종업원 및 노무자에 의하여 제공되는 노동력의 대가로서 기본급/제수당/상여금/퇴직급여충담금의 합계액이며, 간접노무비는 직접 제조작업에 종사하지는 않으나, 작업현장에서 보조작업에 종사하는 노무자, 종업원과 현장감독자 등의 기본급과 제수당, 상여금, 퇴직급여충당금의 합계액을 말한다.",계약예규 2. 제10조
122,다,다수공급자계약제도,"MAS(Multiple Award Schedule). 수요기관의 다양한 수요를 충족하기 위하여 품질, 성능 및 효율 등이 같거나 유사한 종류의 물자를 다수공급자와 계약하고 수요기관이 자유롭게 선택할 수 있는 계약제도를 말한다. 납품실적, 경영상태 등이 일정한 기준에 적합한 공급자를 대상으로 협상을 통해 단가계약을 체결하며, 복수의 공급자와 체결된 계약 물품을 인터넷 쇼핑몰을 통해 공급한다. 다수공급자계약제도는 수요자의 다양한 선택권을 보장하고, 업체 간 경쟁을 유도하여 가격 및 품질 향상을 기대할 수 있다는 장점을 지닌다. 조달청 나라장터에서는 지난 '06년부터 도입되어 쇼핑몰을 통한 대규모 MAS 계약이 이루어 지고 있으며, 국방 분야 군수품 조달에서는 '사용자 중심의 선택적 계약제도'라는 명칭으로 현재 제도 도입이 활발하게 논의되고 있다.",민군 상생을 위한 국방조달시스템 혁신 세미나
123,다,단가계약,"일정 기간 계속하여 제조, 수리, 가공, 매매, 공급, 사용 등의 계약을 할 필요가 있을 때에는 해당 연도 예산의 범위에서 단가(單價)에 대하여 체결하는 계약을 말하며 계약체결 시 총 구매수량을 확정하기 곤란한 경우에 적용하여 계약 시 단가만 확정하고 수량은 예상 수량만 표기한다.","국계법 제22조, 계약실무편람"
124,다,단년도계약,회계연도 독립의 원칙에 따라 당해연도 편성된 예산의 범위 내에서 계약하고 납품까지 완료되는 통상적인 계약형태를 말한다.,계약실무편람
125,다,단독계약,일반적인 계약형태로 계약상대자 1인과 계약하는 경우로서 대부분의 계약품목에 적용된다.,계약방법 형태별 내용 적용 현황
126,다,단문메시지 서비스,"SMS(Short Message Service). 휴대폰을 통해 짧은 문자를 주고 받는 서비스를 말한다. 최근 SNS의 발달에 따라 SMS의 개인 사용량은 감소했으나, 통신사에서 기본으로 제공하는 휴대폰 기본 서비스인만큼 별도의 앱 설치나 가입 절차 없이 모든 사용자에게 서비스 제공이 가능한 장점을 지닌다. 국방전자조달시스템은 업무 처리 간 주요 정보를 사전 신청자를 대상으로 SMS서비스를 제공하고 있다.",정보화기획담당관
127,다,단일공사,당해년도 예산상 특정단일사업으로 책정된 공사와 그 시공지역에서 이와 관련하여 시공되는 부대공사를 말한다.,계약예규 1. 제15조
128,다,대리계약관,계약관의 사무의 전부를 대리하는 공무원을 말한다.,국계법 시행령 제5조
129,다,대리분임계약관,분임계약관의 사무를 대리하는 공무원을 말한다.,국계법 시행령 제5조
130,다,대안,정부가 작성한 실시설계서상의 공종중에서 대체가 가능한 공종에 대하여 기본방침의 변동없이 정부가 작성한 설계에 대체될 수 있는 동등이상의 기능 및 효과를 가진 신공법·신기술·공기단축등이 반영된 설계로서 해당실시설계서상의 가격이 정부가 작성한 실시설계서상의 가격보다 낮고 공사기간이 정부가 작성한 실시설계서상의 기간을 초과하지 아니하는 방법(공기단축의 경우에는 공사기간이 정부가 작성한 실시설계서상의 기간보다 단축된 것에 한한다)으로 시공할 수 있는 설계를 말한다.,국계법 시행령 제79조
131,다,대안입찰,원안입찰과 함께 따로 입찰자의 의사에 따라 대안이 허용된 공사의 입찰을 말한다.,국계법 시행령 제79조
132,다,대외군사판매,"FMS(Foreign Military Sales). 국외구매방법의 한 형태로 미국정부가 무기수출통제법(Arms Export Control Act) 등 관련 법규에 의거 미국의 우방국 및 동맹국 또는 국제기구에 정부 간의 계약에 의하여 대외지급수단 및 차관금액으로 군사상 필요한 물자를 유상으로 판매하는 방법을 말하며 지정구매, 총괄구매 및 군수보급지원약정으로 구분한다. 지정구매(Defined Order Case : DO)는 FMS구매물자를 구매할 경우에 대상품목, 수량, 예상가격 및 인도 예정일  등 제반조건을 청약 및 수락서상에 구체적으로 명시하여 구매하는 계약방법을 말한다. 총괄구매(Blanket Order Case : BO)는 FMS물자를 구매할 경우에 구매대상품목에 대하여 총금액 및 구매기간만을 명시하여 계약한 후 그 범위 내에서 수시로 청구하여 구매하는 계약방법을 말한다. 군수보급지원 약정(Cooperative Logistics Supply Support Arrangements : CLSSA)는 미국 국방성 군수지원체제를 통하여 외국에 군수지원을 제공해 주는 국제 협동군수지원체제로서 미국과 해당 우방국 간의 군별 쌍무약정에 의해 평시 지속적인 계획의 일환으로 시행되고 있는 대외판매의 형태를 말한다.",국방전력발전업무훈령 별표
133,다,대정부간구매,"국외조달 구매방법의 한 형태로 우리나라정부가 외국정부로부터 군수품을 구매하는것을 말하며, 대외군사판매(FMS)를 포함한다.",방위사업관리규정 별표
134,다,대형공사,총공사비 추정가격이 300억원이상인 신규복합공종공사를 말한다.,국계법 시행령 제79조
135,다,도급,도급계약에 있어 수급인인 자가 인수한 일의 완성을 다시 제3자에게 도급시키는 것으로 하청이라고 하고 그 하청을 받은 자를 하청인이라 한다. 도급은 일의 완성이 목적이므로 하도급이 허용되고 있으나 법률 또는 계약에 의거 이를 금지하는 경우도 많다. 건설업법은 일괄하도급을 원칙으로 금지하고 있다. 하청인은 법률상 이행보조자이므로 그 행위에 대하여서는 수급인이 책임을 진다.,국방전력발전업무훈령 별표
136,다,동일구조물공사,천연 또는 인조의 재료를 사용하여 그 사용목적에 적합하도록 만들어진 기능이 상호 연결되는 일체식 구조물(그 부대공작물을 포함)로서 동일인이 계속하여 시공함이 적합한 시설물을 말한다.,계약예규 1. 제15조
137,라,로그인,"Login. 사용자가 시스템에 등록하는 절차로 사용자 확인, 등록관리, 사용자와 시스템 간의 네트워크 정보의 교환 등의 처리 절차를 말한다. 로그인은 개별 사용자에게 업무 서비스를 제공하기 위한 시스템 프로세스의 하나로 다양한 방식이 있으며 국방전자조달시스템은 아이디/비밀번호, 공인인증서, 지문인식을 사용하고 있다. 국방전자조달시스템의 로그인 방법은 크게 아이디 로그인과 지문인식 로그인의 2가지 방법이 있으며, 입찰서 제출을 하기 위해서는 반드시 지문인식 로그인을 사용하여야 한다. (불가피한 경우 지문인식 예외적용 신청 가능)",육군군사용어사전
138,라,로트번호,"LN(Lot Number). 군수품 및 원재료 등의 단위체 또는 단위량이 어떤 목적에 의하여 모여진 것을 말한다. 생산 분야에서의 로트번호는 동일 설계도에 의거 시설, 장비, 재료조건, 생산자 및 생산기간을 한정된 범위 내에서 제조함으로써 성능 및 효력이 동일함을 나타내는 집단적인 표시규격이다.",국방표준바코드 운용지침서 별지
139,마,면허제한,"국가를 당사자로 하는 계약법 시행령에 따라 경쟁입찰에 참가하는 자는 해당 입찰공고에서 명시하는 면허 자격을 갖추어야 한다. 국방전자조달시스템에서는 계약담당공무원이 입찰공고에 공종 및 면허제한을 8개 그룹까지 지정할 수 있으며, 해당 면허가 없는 조달업체는 입찰에 참여할 수 없다.",국계법 시행령 제12조
140,마,명시이월,"세출예산 중 사업의 성질상 회계연도 내에 경비지출을 끝내지 못하고 다음 해에 이월하여 지출해야 할 경우 그 취지를 예산에 명시하여 미리 국회의 의결을 얻은 경비를 말하며, 이는 회계연도 내에 지출하지 못하게 된 사업의 중단을 방지하고 연도 내에 무리한 사업의 집행으로 인한 예산의 낭비를 예방하기 위한 것이다.",국방전력발전업무훈령 별표
141,마,모바일 서비스,"스마트폰, 태블릿 등 모바일 기기를 통해 언제 어디서나 접근할 수 있는 서비스를 말한다. 국방전자조달시스템은 모바일 앱으로 인터넷 시스템의 주요 조달정보(공지사항, 조달계획, 입찰공고, 입찰결과, 계약정보 등)을 조회할 수 있다.",정보화기획담당관
142,마,모의입찰,"조달업체가 입찰에 참여하기 전에 동일한 과정을 먼저 경험하도록 함으로써 실제 업무 처리에 도움을 주기 위해 운영 중인 서비스이다. 조달업체는 입찰공고 목록조회 - 청렴서약서 - 입찰참가신청서 작성 - 입찰서 제출 등 실제 입찰 과정에 따라 다양한 입찰방법에 대해 연습해볼 수 있다. 국내조달과 시설공사 모의입찰은 시스템 메인화면 하단에서, 국외조달은 국외조달 좌측 메뉴 하단에서 각각 실행이 가능하다.",정보화기획담당관
143,마,목록화,"Codification. 목록이란 군수품에 대한 제원 및 자료 등을 일정한 형식과 체계에 따라 일목요연하게 나열한 일람표이며, 재고번호에 원자재, 품명, 형상, 규격 등 자료관리를 할 수 있고, 예산편성, 조달판단, 정비, 청구 등 각종 군수업무를 기록한 것이다. 목록화란 국제적으로 표준화된 체계와 제도화된 절차에 따라 군수품을 분류 및 식별, 품명, 재고번호를 부여하며, 특성 및 관리자료 작성 등 일련의 과정을 말한다.",국방표준바코드 운용지침서 별지
144,마,목표가,"Target Price. 특정조달을 위한 국가를 당사자로 하는 계약에 관한 법률시행령 특례규정 및 동 특례규칙에서 정하고 있는 예정가격 작성의 예외가 되는 국외 상업구매 품목에 대하여 적정한 가격으로 구매목적을 달성하기 위해 각종 가용한 가격정보를 비교, 분석하여 입찰이나 가격 협상시 기준 또는 참고가 되도록 계약관이 내부적으로 설정한 가격을 말한다.",방위사업관리규정 별표
145,마,목표비용관리제도,"CAIV(Cost As an Independent Variable). 공격적이고 달성가능한 비용목표를 설정하고, 전 사업기간동안 지속적으로 양산단가 및 운영유지비용과 성능 간의 절충(Trade-Off)을 통하여 목표비용 내에서 성공적으로 체계를 개발하게 하는 제도를 말한다.",국방전력발전업무훈령 별표
146,마,목표원가,「방위사업법 시행령」에 따른 유인부확정계약과 유인부원가정산계약을 체결하는 경우에 계약상대자가 원가 수준을 통제할 수 있는 비목(費目)이나 그 구성요소를 계약상대자와 합의하여 정하는 유인부적용대상 비목등의 총원가를 말한다.,방위산업계약사무처리규칙 제2조
147,마,목표이익,유인부계약을 체결하는 경우에 목표원가에 일정한 이윤율을 곱하여 산출된 금액을 말한다.,방위산업계약사무처리규칙 제2조
148,마,무기체계,"유도무기ㆍ항공기ㆍ함정 등 전장(戰場)에서 전투력을 발휘하기 위한 무기와 이를 운영하는데 필요한 장비ㆍ부품ㆍ시설ㆍ소프트웨어 등 제반요소를 통합한 것으로서 통신망 등 지휘통제·통신 무기체계, 레이다 등 감시·정찰무기체계, 전차·장갑차 등 기동무기체계, 전투함 등 함정무기체계, 전투기 등 항공무기체계, 자주포 등 화력무기체계, 대공유도무기 등 방호무기체계, 모의분석·모의훈련 소프트웨어 및 장비 등 그 밖의 무기체계 등을 말한다.",방위사업법 제3조
149,마,무역대리점,"방위사업청에 조달원으로 등록된 자로서, 업체로부터 대가를 받고 업체와 방위사업청의 계약체결을 위하여 계약 체결 이전의 제반과정 및 계약이행과정에서 필요시 업체를 지원 또는 대표할 수 있도록 업체로부터 권한을 위임받은 자를 말한다.",방위사업관리규정 별표
150,마,무역중개업자,수수료 등 대가를 받고 외국의 업체가 방위사업청과의 방위력개선사업에 관한 계약체결과 이에 부대되는 행위를 하도록 중개 또는 대리하는 행위를 업으로 하는 자를 말한다.,무역중개업자 활용에 대한 업무지침 제2조
151,마,문서함,「전자문서 및 전자거래 기본법」에 따라 국방전자조달시스템에서 이용하는 전자문서를 조달업체가 열람하기 위하여 시스템에 설치된 기능을 말한다.,국방전자조달시스템 이용에 관한 약관 제2조
152,마,물가변동당시가격,물가변동당시 산정한 각 품목 또는 비목의 가격을 말한다.,국계법 시행규칙 제74조
153,마,물가변동률,Price Fluctuation Rate. 실적품목의 계약시점 또는 목표가격의 작성시점과 목표가 산정시점까지의 기간중 해당 국가 해당품목ㆍ품류의 물가지수 증감률을 말한다.,방위사업관리규정 별표
154,마,물가변동적용대가,계약금액 중 조정기준일 이후에 이행되는 부분의 대가를 말한다.,국계법 시행규칙 제74조
155,마,물가조정단가계약,최근 2년 이내에 원가계산방법에 의하여 예정가격을 결정한 후 계약을 체결한 실적이 있는 품목으로서 새로이 원가계산을 하지 아니하고 최근 계약실적단가에 생산자물가 기본분류별 지수등락률 만큼 조정하여 방위사업청장이 정하는 계약금액의 범위 안에서 계약하고자 하는 경우에 체결하는 계약,방위사업법 시행령 제61조
156,마,물량내역서,공종별 목적물을 구성하는 품목 또는 비목과 동 품목 또는 비목의 규격·수량·단위 등이 표시된 내역서를 말한다.,계약예규 9. 제2조
157,마,물품,"국가가 소유하는 동산(動産)과 국가가 사용하기 위하여 보관하는 동산을 말하며, 다만 동산 중 현금, 한국은행에 기탁해야 할 유가증권, 국유재산은 제외한다.",물품관리법 제2조
158,바,반복조달계약,특례조달계약중 동일 또는 동종물품의 조달을 위하여 동일 연도중 동일인과 두 번 이상 체결하는 계약을 말한다.,특정물품조달특례규정 제2조
159,바,발주기관,물품·공사 및 용역을 조달하기 위하여 계약을 체결하는 국가기관을 말한다.,특정조달특례규정 제2조
160,바,방산수의,방위사업청 중앙조달을 통해 체결되는 수의계약 품목 중 방산물자 품목 계약이 대다수를 차지한다. 방산수의는 해당 방위산업체와 계약이 비공개로 진행된다.,정보화기획담당관
161,바,방산원가대상물자,방위사업법에 따라 지정된 물자 및 연구 또는 시제품 생산을 하게 하는 물자를 말한다.,방산원가대상물자의원가계산에관한규칙 제2조
162,바,방산제비율,"방산원가에서 방산제비율은 방산원가대상물자 원가계산시 적용할 간접노무비율, 간접경비율, 일반관리비율, 투하자본보상율, 이윤율 등을 말한다.",방산원가시행세칙 제2조
163,바,방위력개선사업,군사력을 개선하기 위한 무기체계의 구매 및 신규개발ㆍ성능개량 등을 포함한 연구개발과 이에 수반되는 시설의 설치 등을 행하는 사업을 말한다.,방위사업법 제3조
164,바,방위력개선사업비,"국방중기계획에 의거 주요 전투장비 및 물자인 방산물자를 구매하기 위하여 편성된 예산으로 즉, 군사력 개선을 위한 무기체계의 구매 ,신규개발, 성능개량 등을 포함한 연구개발과 이에 수반되는 시설의 설치 등을 행하는데 소요되는 예산을 말한다.",계약업무 CHECKPOINT
165,바,방위사업법,"방위사업의 수행에 관한 사항을 규정한 법으로 군수품 조달에 관련한 내용을 포함하고 있으며, 국가를 당사자로 하는 계약에 관한 법률에서 규정한 계약방법 이외에 타 계약방법을 규정하고 있다.",방위사업법 제1조
166,바,방위사업청,"방위력 개선사업, 군수물자의 조달 및 방위산업의 육성과 그 밖에 방위사업에 관한 사무를 관장하기 위해 2006년 개청한 국방부 소속 외청, 중앙행정기관이다. 따라서 군수품 조달 업무를 처리하는 시스템인 국방전자조달시스템은 국방부가 아닌 방위사업청에서 운영, 관리하고 있다.",방위사업청소속기관직제 제1조
167,바,방위산업,"방위산업물자를 제조ㆍ수리ㆍ가공ㆍ조립ㆍ시험ㆍ정비ㆍ재생ㆍ개량 또는 개조(이하 ""생산""이라 한다)하거나 연구개발하는 업을 말한다.",방위사업법 제3조
168,바,방위산업물자(방산물자),"군수품 중 무기체계로 분류된 물자 중에서 안정적인 조달원 확보 및 엄격한 품질보증 등을 위하여 필요한 물자로 지정된 물자를 말하며, 방위사업청장이 산업통상자원부장관과 협의하여 지정한다.","방위사업법 제3조, 제34조"
169,바,방위산업시설,방위산업체 및 전문연구기관에서 방위산업물자의 연구개발 또는 생산에 제공하는 토지 및 그 토지상의 정착물(장비 및 기기를 포함한다)을 말한다.,방위사업법 제3조
170,바,방위산업체(방산업체),"방산물자를 생산하기 위해 산업통산자원부장관이 지정한 업체로 지정 시 방위사업청장과 협의를 거치며, 방산업체는 주요방산업체와 일반방산업체로 구분된다.","방위사업법 제3조, 제35조"
171,바,보조감리원,"소관 분야별로 책임감리원을 보좌하는 감리원으로써, 담당 감리업무에 대하여 책임감리원과 연대하여 책임지는 자를 말한다.",계약예규 11. 제39조
172,바,보증채무,계약상대자가 정당한 이유 없이 계약상의 의무를 이행하지 아니한 경우 보증기관이 발주기관에 대하여 보증하여야 할 의무를 말한다.,계약예규 1. 제41조
173,바,복수 연구개발사업,"방위사업법 시행규칙에 따라 무기체계, 구성장비 또는 구성품을 연구개발로 획득하기 위하여 2개의 연구개발 주관기관 또는 시제업체를 선정하여 추진하는 사업을 말하며, 해당 사업의 입찰공고는 국방전자조달시스템 - 국내조달 - 입찰공고 상세내역 조회 시 '복수업체연구개발 대상구분'에서 대상으로 표시된다.",방위사업관리규정 제171조의5
174,바,복수예비가격,"기초예비가격을 기준으로 ±3% 범위로 산정한 15개의 가격을 말한다. 조달업체는 입찰서를 제출할 때 2개의 번호를 선택하며, 각 업체에서 선택한 번호들중 가장 많이 선택된 4개 번호에 해당하는 4개의 복수예비가격을 산술평균하여 예정가격으로 선정한다.","계약업무처리훈령, 계약업무 CHECKPOINT"
175,바,본조,"본조달예산. 당해 연도 내에 계약, 납품, 지출을 완료하는 예산으로 당해 연도에 납기를 설정해야 한다.",계약업무 CHECKPOINT
176,바,부대비,"Accessorial Charges. 국제계약 체결 시 물자대 외에 인도과정에서 발생하는 포장, 결속, 취급, 수송 및 적하보험료, 조작비 등의 비용을 말한다.",국제계약 실무과정
177,바,부대입찰,"공사입찰에서 입찰자로 하여금 산출내역서에 입찰금액을 구성하는 공사중 하도급할 부분, 하도급금액 및 하수급인 등 하도급에 관한 사항을 기재하여 제출하게 하는 입찰 방법을 말하며 현재는 유효하지 않은 방법이다.",국계법 시행령 제19조
178,바,부대조달,"방위사업법에 따라 방위사업청은 군수품을 일괄적으로 조달하나, 각군에서 군수품을 직접 조달할 수 있으며 이를 부대조달이라 한다. 부대조달이 가능한 군수품은 부대가 직접 개발한 시제품, 군 정비부대에서 행하는 정비 및 소모성 물자, 단위 품목당 연간 조달계획금액이 3천만원 미만인 품목, 3천만원 이상 5천만원 미만의 품목 중 부대조달 실적이 있는 단위 품목, 국방규격이 없고 견본 제시가 불가능한 품목, 긴급 구매 품목, 보안유지가 필요한 품목, 특수 제작설치가 필요한 품목, 그 밖에 부대조달이 효율적이라고 판단하여 합의된 품목 등이 있다. 국방전자조달시스템에서 입찰 및 계약 부서(또는 담당자)가 방위사업청이 아닌 각 군부대인 경우에는 부대조달 품목으로 보면 된다.",방위사업법 시행령 제29조
179,바,부대조달정보체계,"UPIS(Unit Procurement Information System). 각 군부대 계약담당관이 구매요청서 작성부터 조달판단, 입찰공고, 적격심사, 계약, 대가지불까지 부대조달 업무 전 과정을 온라인에서 처리할 수 있도록 지원하는 내부(국방망) 업무 시스템으로 국방전자조달시스템과 밀접하게 연계되어 사용된다.",정보화기획담당관
180,바,부정당업자,경쟁의 공정한 집행이나 계약의 적정한 이행을 해칠 염려가 있거나 그 밖에 입찰에 참가시키는 것이 적합하지 아니하다고 인정되는 자를 말한다.,국계법 제27조
181,바,부정당제재,부정당업자를 대상으로 2년 이내의 범위에서 입찰 참가자격을 제한하는 것을 말한다. 조달청 나라장터를 통해 각 국가기관의 부정당제재 내역이 공유되므로 특정 기관에서 제재된 기록이 있다면 타 국가기관 및 자체전자조달시스템에서도 입찰에 참여할 수 없게 된다.,국계법 제27조
182,바,부품,"방산원가에서 부품은 부분품, 구성품, 결합체 등을 말한다.",방산원가대상물자의원가계산에관한규칙 제2조
183,바,분담비율,유인부계약을 체결하는 경우에 유인이익을 산출하는 기준으로서 목표원가와 유인부적용대상 비목등의 실제발생원가와의 차액 중에서 계약상대자가 받는 금액이 차지하는 비율을 말한다.,방위산업계약사무처리규칙 제2조
184,바,분담이행방식,공동계약의 유형 중 하나로 공동수급체 구성원이 일정 분담내용에 따라 나누어 공동으로 계약을 이행하는 공동계약을 말한다.,계약예규 8. 제2조의2
185,바,분리계약,체계조립업체 뿐만 아니라 구성품을 생산하는 협력업체와 각각 계약을 체결하여 체계조립 업체에 구성품을 관급지원하는 계약형태를 말한다.,"일괄,분리계약"
186,바,분임계약관,계약관의 사무의 일부를 분장하는 공무원을 말한다.,국계법 시행령 제5조
187,바,분할수의계약,예정가격 또는 낙찰금액을 분할하여 계산할 수 있는 경우 수인에게 분할하여 체결하는 계약,국계법 시행령 제29조
188,바,불가항력,"계약 수행에 있어 태풍·홍수 기타 악천후, 전쟁 또는 사변, 지진, 화재, 전염병, 폭동 기타 계약당사자의 통제범위를 초월하는 사태의 발생 등의 사유로 인하여 계약당사자 누구의 책임에도 속하지 아니하는 경우를 말한다.",계약예규 11. 제24조
189,바,불법투찰,"입찰 참여자가 공인인증서를 브로커에게 대여하거나, 타 참여자와 담합, 중복/이중, 해킹 등 비정상적인 방법으로 입찰서를 제출하는 행위를 말한다.",국방전자조달시스템 관리규정 제2조
190,바,비공개수의협상,관련법령에 따라 경쟁계약을 체결할 수 없는 불가피한 경우에 수의계약을 체결하기 위해 가격협상 등 협상관과 조달업체 간의 일련의 협의행위를 말한다. 수의협상 중 비공개수의협상은 방산물자 등의 사유로 수의협상 내용이 비공개되어 협상관과 특정 업체 간에 1대1로 협상이 진행된다.,계약실무 편람
191,바,비목군,"기수조정율 산출 시 계약금액의 산출내역중 재료비, 노무비 및 경비를 구성하는 제비목을 노무비, 기계경비, 실적공사비 또는 한국은행이 조사 발표하는 생산자물가기본분류지수 및 수입물가지수표상의 품류에 따라 입찰시점(수의계약의 경우에는 계약체결시점을 말한다. 이하 같다)에 계약담당공무원이 분류한 비목을 말한다.",계약예규 1. 제68조
192,바,비무기체계,무기체계 외의 장비ㆍ부품ㆍ시설ㆍ소프트웨어 그 밖의 물품 등 제반요소를 말한다.,방위사업법 제3조
193,바,비상주감리원,감리전문회사에 근무하면서 상주감리원의 업무를 지원하는 자를 말한다.,계약예규 11. 제39조
194,사,사고이월,"연도 내 지출원인행위가 이루어졌고, 연도 내에 지출하게 되어 있었으나 납품지연, 공사 지연, 하자발생 등의 부득이한 사유로 연도 내에 지출하지 못한 세출예산을 다음 연도로 넘겨 사용하는 것을 말한다.",국방전력발전업무훈령 별표
195,사,사급품,"방산물자를 일괄계약할 경우에 사용되는 용어로 주장비 업체에서 주장비 계약업체와 별도 계약체결을 하여 체계조립용 수리부속을 납품받을 때 그 납품 품목을 일컫는다. 사급품을 포함한 체계조립 품목을 일괄로 계약담당공무원이 계약을 하게된다. 즉, 장비의 제조에 필요한 주요구성품 등을 주장비생산업체에서 부품 제조업체와 직접 계약하여 구입 및 생산하는 것을 말한다.",계약업무 CHECKPOINT
196,사,사업설명회,"사업을 발주한 해당 부서(통합사업관리팀, 국과연, 발주부대 등)에서 주관하여 사업 참여를 희망하는 업체에 대해 사업내용 및 제안요청 내용을 설명해주는 회의를 말한다.",사업관리본부 내규
197,사,사업성과관리제도,"EVMS(Earned Value Management System). 사업계획을 수립하고, 수행성과와 실비용을 측정하여 사업의 진행상태를 점검하고 미래를 예측하며 문제점을 조기에 식별함으로써 적절한 대책을 강구토록 지원하는 제도를 말한다.",국방전력발전업무훈령 별표
198,사,사업자등록번호,"사업자는 부가가치세법에 따라 사업장 관할 세무서장에게 사업자등록을 신청해야 하며, 이때 발급받는 등록증에 부여된 등록번호를 사업자등록번호라 한다. 즉, 사업자 구분을 위해 부여되는 번호로써 부가가치세 사무처리규정에 따라 사업자등록번호는 전산시스템에 의하여 순서대로 자동 부여된다. 국방전자조달시스템에서는 사업자등록번호를 포함한 조달원 정보를 조달청 나라장터에서 연계받으며, 이때 사업자등록번호는 업체코드 생성을 위한 기준의 하나가 된다.",부가가치세법
199,사,사장품,방산원가에서 사장품이란 정부가 규격 또는 설계를 변경하거나 계약상대자가 정부의 승인을 받아 규격 또는 설계를 변경하여 해당 제품의 실체를 구성하지 못하게 된 제품ㆍ재공품(제조과정에 있는 물품을 말한다)ㆍ견품ㆍ모형 및 재료를 말한다.,방산원가대상물자의원가계산에관한규칙 제2조
200,사,사전심사,입찰참가신청서를 계약담당공무원이 등록심사할 때의 시점을 말하며 사전심사의 경우 참가신청 후 등록심사에 확정된 조달업체만 입찰서를 제출할 수 있다.,정보화기획담당관
201,사,사후심사,입찰참가신청서를 계약담당공무원이 등록심사할 때의 시점을 말하며 사후심사의 경우 참가신청 후 등록심사 없이 곧바로 입찰서를 제출하는 방식으로 등록심사는 입찰서 제출이 마감된 이후에 실시된다. 방위사업청(중앙조달) 입찰은 대부분 사후심사 방식으로 이루어지고 있다.,정보화기획담당관
202,사,사후원가검토조건부계약,입찰 전에 예정가격을 구성하는 일부 비목의 금액을 결정할 수 없는 경우 계약금액을 잠정적으로 정한 후 계약이행이 완료되면 국계령에서 규정한 예정가격 결정기준에 따라 원가를 검토하여 계약금액을 조정할 수 있도록 사후 원가 검토조건으로 체결하는 계약을 말한다.,계약방법 형태별 내용 적용 현황
203,사,산출내역서,"입찰금액 또는 계약금액을 구성하는 물량, 규격, 단위, 단가 등을 기재한 내역서를 말한다.",계약예규 9. 제2조
204,사,상업구매,국외조달 구매방법의 한 형태로서 우리나라정부가 국외업체로 부터 군수품을 구매하는 것을 말한다.,방위사업관리규정 별표
205,사,상용품목,"민수용으로 생산·유통되고 있는 품목을 군에서 군수품으로 채택 사용하는 품목을 말한다. 상용품목으로 지정된 품목은 완제품 및 부분품의 정상소요를 반영하여 조달할 수 있으며, 국방규격을 제정하지 아니하고 한국산업규격 및 정부관계기관 규격적용을 원칙으로 한다.",국방전력발전업무훈령 별표
206,사,상주감리원,현장에 상주하면서 감리업무를 수행하는 자를 말한다.,계약예규 11. 제39조
207,사,생산능력제출 마감일시,"방위사업청 중앙조달 품목 중 생산능력확인제도에 해당하는 입찰공고에서 생산능력확인서류를 제출해야 하는 마감일시를 말한다. 제출 서류는 파일 첨부를 통해 제출이 가능하며, 자세한 사항은 입찰공고문 및 관련규정을 반드시 확인해야 한다.",정보화기획담당관
208,사,생산능력확인제도,"’98.7.1일 부터 군납등록제도가 폐지된 후 생산능력이 없는 업체가 입찰에 참가하여 낙찰됨에 따라 계약불이행, 하자발생, 납품지체가 증가함에 따라 이를 해소하기 위한 보완책으로 ’00.4월부터 도입된 제도이다. 본 제도가 적용되는 입찰 건은 입찰공고문에 생산능력확인대상임이 명시되며 생산능력 또는 정비능력을 확인할 수 있는 관련 서류를 제출하여야 한다.",계약실무편람
209,사,서류입찰,국외조달 전자입찰의 방법 중 하나로 국외조달의 특성에 따라 입찰참가등록서류 등을 시스템이 아닌 직접 방문이나 우편 등으로 제출받는 것을 말한다.,국방전자조달시스템 전자입찰 특별유의서 제8조
210,사,선금,Prepaid Advance Payments. 확정된 채무에 대하여 상대방의 이행전 또는 지급할 시기의 도래전에 미리 그 대금의 전부 또는 일부를 지급하는 것을 말한다.,방위사업관리규정 별표
211,사,선급금,"국고금관리법에 따른 선금, 방위사업법에 따른 착수금 및 중도금을 말한다.",조달관리 실무과정
212,사,선하증권,"B/L(Bill of Lading). 화물선적을 입증하는 기본서류로서 유통할 수 있는 유가증권이므로 이 서류가 없으면 대금을 받을 수도 없고, 화물을 인수할 수도 없다. 다시 말하면 선하증권은 선박회사가 화주로 부터 화물을 선적한 사실 또는 선적을 목적으로 수탁한 사실을 입증하고 그 화물을 인도할 것을 약속한 화물수취증권이다.",방위사업관리규정 별표
213,사,설계금액,예정가격을 결정하기 위하여 가격조사 또는 원가계산방식에 의하여 산정한 금액으로서 기초예비가격 결정의 기준이 되는 가격을 말한다.,계약업무처리훈령
214,사,설계도면,시공될 공사의 성격과 범위를 표시하고 설계자의 의사를 일정한 약속에 근거하여 그림으로 표현한 도서로서 공사목적물의 내용을 구체적인 그림으로 표시해 놓은 도서를 말한다.,계약예규 9. 제2조
215,사,설계서,"계약예규에 따른 공사시방서, 설계도면, 현장설명서 및 공종별 목적물 물량내역서를 말한다.",계약예규 5. 제2조
216,사,설계자,설계용역계약의 계약상대자를 말한다.,계약예규 11. 제39조
217,사,성과기반계약,계약을 체결하는 때에 특정한 성과의 달성을 요구하고 계약 이행 후 그 성과에 따라 대가를 차등 지급하려는 경우에 체결하는 계약을 말한다.,방위사업법 시행령 제61조
218,사,소요군,"所要軍, Requirement Military. 기획/계획과정에서 어떤 부대가 일정시기에 임무를 수행하기 위해 필요한 소요를 제기하는 기관이며 임무수행을 위해 무기 등을 요구하는 대상자를 의미한다. 주로 방위력개선사업에서 사용한다.",계약업무 CHECKPOINT
219,사,소프트웨어사업,"소프트웨어산업진흥법에 의한 소프트웨어의 개발·제작·생산·유통 등과 이에 관련된 서비스, 「정보화촉진 기본법」에 의한 정보화에 관한 사업 및 정보시스템의 효율적 도입 및 운영 등에 관한 법률에 의한 정보시스템의 구축·운영 등 소프트웨어산업과 관련된 경제활동을 말한다.",계약예규 11. 제49조
220,사,송장,"Invoice. 매매 당사자들이 원거리에 있을 경우 매도인(賣渡人)이 매수인(買受人)에게 작성·통보하는 선적 화물의 명세서 및 계산서이며, 매수인 입장에서는 수입계산서 역할을 하는 것을 말한다.",국방표준바코드 운용지침서 별지
221,사,수요군,"需要軍, Demanding Force. 기획/계획 과정에서 어떤 부대가 일정시기에 임무를 수행하기 위해 필요한 소요(전력명, 필요성, 운용개념 등)을 제기하는 기관을 말하며 통상 조달기관에 대응하는 용어이다.",계약업무 CHECKPOINT
222,사,수의계약,"경쟁에 부칠 여유가 없거나 경쟁에 부쳐서는 계약의 목적을 달성하기 곤란하다고 판단되는 경우에 체결하는 계약 형태를 말한다. 수의계약을 체결하는 경우는 긴급, 비밀, 연구개발, 비상재해, 경쟁 성립이 될 수 없는 경우, 중소기업자 제품을 구매하는 경우, 보훈단체 수의계약, 소액수의계약, 방산수의계약, 유찰수의계약, 낙찰자가 계약을 체결하지 않는 경우, 분할수의계약 등을 들 수 있다.",계약방법 형태별 내용 적용 현황
223,사,수의협상,"국계법상 경쟁계약 원칙으로 하는 정부계약에 있어 불가피한 경우 수의계약이 인정되며, 수의계약을 위하여 특정 대상자와 계약조건 및 가격 등을 판매자와 구매자 상호간 합의점을 도출하기 위한 일련의 협의행위를 말한다. 국방전자조달시스템에서 수의협상은 '공개수의협상'과 '비공개수의협상'으로 구분되며 방산물자 등 비공개 대상 품목에 대한 수의협상은 '비공개수의협상'에서 이루어진다.",계약실무편람
224,사,수입부품,방산원가에서 수입부품은 계약상대자가 직접 또는 수입업자를 통하여 외국에서 수입하는 부품을 말한다.,방산원가대상물자의원가계산에관한규칙 제2조
225,사,수입재료,방산원가에서 수입재료는 계약상대자가 직접 또는 수입업자를 통하여 외국에서 수입하는 재료를 말한다.,방산원가대상물자의원가계산에관한규칙 제2조
226,사,수입품,방산원가에서 수입품은 수입재료와 수입부품을 말한다.,방산원가대상물자의원가계산에관한규칙 제2조
227,사,수정계약,"기존 계약과의 기본적 동일성을 유지하는 범위내에서 계약내용을 구성하는 납품장소, 납품기한, 납품수량, 계약금액 등의 계약내용 또는 계약조건의 일부를 변경하는 계약을 말한다.",계약변경업무 처리지침 제2조
228,사,시공자,공사계약의 계약상대자를 말한다.,계약예규 11. 제39조
229,사,시설공사,"군수품 조달은 크게 물품/용역/시설공사로 구분되며, 방위사업청은 시설공사 업무를 하지 않고 각 군부대에서 맡아 시설공사 업무를 처리한다. 따라서 국방전자조달시스템 - 시설공사 메뉴는 전부 부대에서 발주한 입찰로 볼 수 있다.",정보화기획담당관
230,사,시작가격,국외조달 역경매입찰에서 계약담당자가 공개하는 최대입찰가격을 말한다.,역경매입찰 특별유의서 제2조
231,사,신용장,"L/C(Letter of Credit) 개설신청인의 요청과 지시에 따라 또는 은행자신을 위하여 개설은행이 신용장조건에 일치하는 소정의 서류와 상환으로 환어음의 인수, 지급  또는 매입 할 것을 어음발행인과 어음수취인에 대하여 약정하는 증서를 말한다.",방위사업관리규정 별표
232,사,신인도,"신인도는 적격심사 대상자의 사회적 책임 등 신뢰정도(녹색성장, 노사관리, 납세의무, 여상기업, 장애인기업, 사후관리, 조달관리우수, 수출기여 등)와 계약이행성실도(품질하자, 납품지연, 부정당업자 제재, 식품위생법 및 축산물위생관리법 위반 등)를 측정하는 것을 말한다. 신인도 평가기준은 각 기관 별/분야별로 항목과 점수 배점이 상이하므로 해당 입찰공고문 및 관련 규정을 꼭 확인하여야 한다.",물품적격심사기준
233,사,실시설계 기술제안입찰,발주기관이 교부한 실시설계서 및 입찰안내서에 따라 입찰자가 기술제안서를 작성하여 입찰서와 함께 제출하는 입찰을 말한다.,국계법 시행령 제98조
234,사,실시설계서,기본계획 및 지침과 기본설계에 따라 세부적으로 작성한 시공에 필요한 설계서(설계서에 부수되는 도서를 포함한다)를 말한다.,국계법 시행령 제79조
235,사,실적,"현재 발주하려는 계약과 계약내용이 실질적으로 동일한 것은 물론, 이와 유사하여 계약목적달성이 가능하다고 인정되는 과거 1건의 공사 또는 제조 등의 실적(장기계속공사 또는 제조 등에 있어서는 총공사 또는 제조 등의 실적으로 한다)에 해당되는 금액 또는 규모(양)를 말한다.",계약예규 1. 제5조
236,사,실적가,"국외조달 목표가 산정에 있어 실적가는 방위사업청, 소요군, 방산업체 등 국내 조달기관이 과거에 구매한 가격과 판매국의 판매가 또는 제3국 정부가 과거에 구매한 가격 등을 말한다.",국제계약 실무과정
237,사,실제발생원가,계약이행기간 중 또는 계약이행 후에 획득한 원가자료에 기초하여 「방산원가대상물자의 원가계산에 관한 규칙」에 따라 산정한 총원가를 말한다.,방위산업계약사무처리규칙 제2조
238,아,1차 협력업체,"계약담당공무원과 계약상대자의 계약에서 별도로 계약상대자가 타 업체를 상대로 계약을 체결하는 경우에 해당 업체를 하수급인(과거 '병'에 해당)이라 하나, 방위사업청의 수평적 계약문화 정착을 위한 용어 정립에 따라 '하수급인'을 '1차 협력업체'로 대체하여 사용하고 있다.",수평적 계약문화 정착을 위한 우리 청 갑을 용어 정립안 검토 보고
239,아,2단계 경쟁입찰,"물품의 제조·구매 또는 용역계약에 있어서 미리 적절한 규격등의 작성이 곤란하거나 기타 계약의 특성상 필요하다고 인정되는 경우에 먼저 규격 또는 기술입찰을 실시한 후 가격입찰을 실시하는 경쟁입찰 방법이며 필요성이 인정되는 경우에는 규격과 가격 또는 기술과 가격입찰을 동시에 실시할 수 있다. 이러한 2가지 경우를 구별하여 전자를 '2단계 분리 경쟁입찰', 후자를 '2단계 동시 경쟁입찰'로 부르기도 한다.",국계법 시행령 제18조
240,아,2차 협력업체,1차 업력업체가 타 업체를 상대로 계약을 체결하는 경우에 해당 업체를 2차 협력업체(과거 '정'에 해당)라 한다.,수평적 계약문화 정착을 위한 우리 청 갑을 용어 정립안 검토 보고
241,아,알림이 서비스,"국방전자조달시스템에서 사용자 PC에 정보알림 프로그램을 설치하여 실행한 사용자를 대상으로 시스템에서 로그아웃하거나 종료한 상태에서도 공지사항, 국내/국외/시설 입찰공고 정보를 사용자 PC 오른쪽 하단에 팝업 메시지로 알려주는 서비스를 말한다. 국방전자조달시스템에 로그인한 후, 메인화면 - 알리미 서비스 신청 메뉴에서 신청할 수 있다.",정보화기획담당관
242,아,업체코드,국방전자조달시스템에서 조달업체의 데이터 관리를 위해 사업자등록번호와는 별도로 개별 조달업체에 대해 시스템 자체적으로 부여하는 코드를 말한다. 업체코드는 숫자 또는 영문자(5자리)로 자동 부여되며 시스템 업무 처리는 업체코드를 기준으로 이루어진다.,정보화기획담당관
243,아,엔지니어링기술,엔지니어링활동에 관한 과학기술을 말한다.,엔지니어링산업 진흥법 제2조
244,아,엔지니어링기술자,엔지니어링기술에 관하여 「국가기술자격법」에 따른 국가기술자격을 취득한 사람 또는 엔지니어링기술 관련 학력이나 경력을 가진 사람을 말한다.,엔지니어링산업 진흥법 제2조
245,아,엔지니어링사업,엔지니어링활동을 수행하는 사업을 말한다.,엔지니어링산업 진흥법 제2조
246,아,엔지니어링사업자,엔지니어링활동을 영업의 수단으로 하려는 자로서 산업통상자원부장관에게 신고한 자를 말한다.,엔지니어링산업 진흥법 제2조
247,아,엔지니어링산업,엔지니어링활동을 통하여 경제적 또는 사회적 부가가치를 창출하는 산업을 말한다.,엔지니어링산업 진흥법 제2조
248,아,엔지니어링활동,"과학기술의 지식을 응용하여 수행하는 사업이나 시설물에 관한 연구, 기획, 타당성 조사, 설계, 분석, 계약, 구매, 조달, 시험, 감리, 시험운전, 평가, 검사, 안전성 검토, 관리, 매뉴얼 작성, 자문, 지도, 유지 또는 보수 등에 대한 사업관리 활동과 견적, 설계의 경제성 및 기능성 검토, 시스템의 분석 및 관리 활동을 말한다.",엔지니어링산업 진흥법 제2조
249,아,역경매,"Reverse Auction. 매각계약에 주로 활용되는 경매방식을 매입계약에 활용하는 것으로 물건 등을 판매하고자 하는 자들이 호가를 낮춰가며 경쟁하도록 하고, 최저가를 제시한 자와 계약을 체결하는 방식으로 국외조달에서 국방전자조달시스템을 통해 1인이 복수의 입찰서를 제출할 수 있도록 하여 경매종료일시까지 제출한 입찰서 중 최저가격의 입찰서 제출자를 낙찰자로 결정할 수 있는 방식을 말한다.","역경매 도입방안 보고, 역경매입찰 특별유의서 제2조"
250,아,역경매입찰,"국방전자조달시스템을 이용하여 행하여지는 역경매 입찰을 말하며, 2012년 9월에 국외조달 분야에서 서비스가 시작되었다.",역경매입찰 특별유의서 제2조
251,아,역경매입찰자,국방전자조달시스템을 이용하여 역경매입찰에 참가하는 국내 · 외 조달업체의 대표자 또는 위임 받아 업무를 처리하는 자를 말한다.,역경매입찰 특별유의서 제2조
252,아,연계,"개별 시스템이 각각 보유하고 있는 데이터를 송수신하여 서로의 데이터를 공유하는 것을 말한다. 국방전자조달시스템 역시 대내외 다수의 시스템과 연계되어 조달청 나라장터로부터 각종 업체정보, 사용자 정보, 인증서 정보, 공사적격심사 정보 등을 수신받고 있으며 시스템에서 처리되는 각종 입찰공고, 입찰결과, 계약정보 등을 나라장터로 송신하고 있다. 따라서 국방전자조달시스템을 사용하려는 조달업체는 나라장터에서 먼저 사용자 등록과 공인인증서 발급 등을 마쳐야 하며 이후 국방전자조달시스템에 등록하여야 한다.",정보화기획담당관
253,아,연기공고,게시된 입찰공고의 마감시간을 변경하여 나가는 입찰공고를 말한다.,정보화기획담당관
254,아,예비판단,"군수품의 효율적인 조달을 위하여 조달계획 확정 이전에 조달가능성, 조달원, 조달기간 등을 사전에 확인하여 미비점을 보완하고, 관련규정에 따라 중앙조달/부대조달, 국내조달/국외조달 등 조달집행 기관과 방법을 확정하는 행위를 말한다.",계약실무편람
255,아,예산,"국회의 의결을 성립요건으로 한 회계연도에 있어서 재정계획을 계수화하여 지출경비와 수입을 대조·안배하고 그 경비의 종류와 금액을 기능별·성질별로 구분하여 조직적으로 편성한 계획표를 말하며, 정기배정예산과 수시배정예산으로 구분한다. 정기배정예산은 회계연도의 4분기별 예산배정계획에 의거 매분기초에 정기적으로 배정되는 예산을 말하며, 수시배정예산은 예산배정 전에 사업집행계획을 수립하여 기획재정부장관과 협의하여야 하는 사업의 예산으로서 기획재정부장관이 선정하여 장관에게 통보하는 예산을 말한다.",국방전력발전업무훈령 별표
256,아,예정가격,"계약담당공무원이 입찰 또는 수의계약에 부치는 때에 낙찰자 또는 계약금액 결정기준으로 삼기 위해 정한 가격으로서, 입찰시에는 복수예비가격 중에서 추첨한 4개의 가격을 산술평균한 가격을 말한다.",계약업무처리훈령
257,아,외자 직구매 계약,"기 조달된 장비·물품(무기체계 포함)등의 정상적인 운영을 위하여 필요한 물품, 부품구매 및 용역에 대해 해외 원제작자 또는 현품보유업체와 직접 계약하는 것을 말한다.",계약업무처리훈령
258,아,용역,"Service. 인간의 노동력이 재화를 이용하여 이루는 무형의 급부를 말한다. 인간이 제공하는 용역에 대해서는 임금을, 자본이 공여하는 용역에 대해서는 이자가, 재화가 공여하는 용역에 대해서는 임차료를 지불하게 된다. 그러나 광의로는 경영활동의 수행상 획득되고 소비되는 경제가치를 말하며, 협의로는 제공되는 노동력이나 또는 운송비나 창고업에서 볼 수 있는 역무를 말하는 경우도 있다.",국방전력발전업무훈령 별표
259,아,용역원가,"방산원가에서 용역원가란 학술적 전문지식, 과학기술, 그 밖의 무형의 서비스를 응용하여 행하는 사업 및 시설물에 관한 연구ㆍ계획ㆍ설계ㆍ분석ㆍ조사ㆍ시험ㆍ감지(感知)ㆍ평가ㆍ자문ㆍ지도 및 교육훈련, 기술적 타당성 검토, 소프트웨어 및 시스템 개발, 기술교범(技術敎範) 작성 등의 용역활동과 관련하여 발생하는 비용을 말한다.",방산원가대상물자의원가계산에관한규칙 제2조
260,아,운송대행업체,방위사업청을 대리하여 방위사업청 계약물자를 보급원(계약업체)에서 인수하여 최종 사업관리부서(기관) 창고까지 운송하는 업체를 말한다.,방위사업관리규정 별표
261,아,원가,"방산원가대상물자를 생산하거나 연구하기 위하여 소비하는 각종 재화와 용역을 화폐가치로 환산한 가액(價額)을 말한다. 다만, 계약목적물의 완성과 관련 없이 소비하는 재화 및 용역과 비정상적인 원인으로 발생하는 경제가치의 감소는 포함하지 아니한다.","방위사업관리규정 별표, 방산원가대상물자의원가계산에관한규칙 제2조"
262,아,원가대상,원가를 부과할 수 있는 단위로서 원가를 분리하여 측정할 필요가 있는 어떤 사업ㆍ부문ㆍ제품ㆍ활동 등을 말한다.,방산원가대상물자의원가계산에관한규칙 제2조
263,아,원가심사,"예정가격을 결정하기 전에 원가산정결과에 대하여 원가관련법규의 준수 및 적용의 적법성, 원가산정과정의 타당성 등을 검증하는 활동을 말한다.",방위사업관리규정 별표
264,아,원가절감보상계약,계약을 체결한 후 계약이행기간 중에 새로운 기술 또는 공법의 개발이나 경영합리화 등으로 원가절감이 있는 경우에는 계약금액에서 그 원가절감액을 공제하고 그 원가절감액의 범위 안에서 그에 대한 보상을 하고자 하는 경우에 체결하는 계약,방위사업법 시행령 제61조
265,아,원격지원 서비스,"인터넷상에서 타인이 사용하는 PC의 화면을 외부에서 보거나 직접 조작할 수 있는 서비스를 말한다. 국방전자조달시스템과 같은 인터넷 서비스의 경우 개별 사용자 PC에 대한 직접 방문 점검이 사실상 불가능하기 때문에 이를 보완하기 위해 제공하는 서비스로써 콜센터의 안내에 따라 원격지원 프로그램을 실행하면 정보화기획담당관의 유지보수 인원이 사용자 동의 후 사용자 PC에 접속하여 유선 상으로 점검이 어려운 PC 장애, 오류 부분에 대한 점검을 실시하게 된다. (콜센터 안내 없이 직접 원격지원 서비스를 실행하게 되면 서비스를 받지 못하므로 유의)",정보화기획담당관
266,아,월별집행계획,"중앙조달 전품목에 대하여 품목의 특성, 보급지원의 적시성, 당해년도의 조달환경 등을 종합한 조달 우선순위를 정하여 월별로 집행계획을 수립하는 업무로서 월별집행계획이 확정되면 매년 1월말을 전후하여 국방전자조달시스템을 통해 조달업체에게 집행계획이 공개된다. (국방전자조달시스템 - 국내조달 - 조달계획 메뉴 참조)",계약실무편람
267,아,유인부원가정산계약,"계약을 체결하는 때에 계약금액을 확정할 수 없으나 계약상대자에 대하여 수입품의 국산화대체 및 원가절감활동이 요구되어 원가는 계약이행 후 실제발생원가대로 지급하고, 이윤은 목표이익과 유인이익을 합하여 지급하고자 하는 경우에 체결하는 계약",방위사업법 시행령 제61조
268,아,유인부확정계약,"계약을 체결하는 때에 예정가격을 결정할 수 있으나 계약의 성질상 유인이익에 의하여 원가절감을 기대할 수 있는 때에는 지급 가능한 최고한도의 계약금액과 목표원가 및 목표이익을 정하여 계약을 체결하고, 계약을 이행한 후에 실제발생원가와 목표이익 및 유인이익을 합하여 계약대금을 지급하고자 하는 경우에 체결하는 계약",방위사업법 시행령 제61조
269,아,유인이익,유인부계약을 체결하는 경우에 목표원가에서 유인부적용대상 비목등의 실제발생원가를 뺀 금액에 분담비율을 곱하여 산출된 금액을 말한다.,방위산업계약사무처리규칙 제2조
270,아,유자격자명부,특정조달계약에 있어서 물품·공사 및 용역의 입찰에 참가할 수 있는 자격을 미리 정한 후 그 자격을 갖춘 자를 기재한 명부를 말한다.,특정조달특례규정 제2조
271,아,유지보수기관,"개발된 정보체계의 일부 기능변경이나 사용방법의 개선 등을 수행하기 위한 계획수립, 예산획득, 실적관리 등의 임무를 수행하는 기관을 말하며 국방전자조달시스템은 방위사업청 재정정보화기획관 정보화기획담당관에서 유지보수를 수행하고 있다.",국방전력발전업무훈령 별표
272,아,유찰,"입찰참여자들의 투찰금액을 개찰하였음에도 예정가격초과, 낙찰하한가 미달, 투찰자 없음, 미성원(1인 투찰) 등의 사유로 적합한 낙찰자가 없는 경우를 말한다. 유찰된 입찰공고는 관련법령에 따라 재공고 등 후속조치를 취하게 된다. 국방전자조달시스템에서는 유찰 수의의 경우 업체 투찰가격이 공개되는 것을 막기 위해 비공개 처리한다.",유찰된 투찰가격 비공개 시스템 반영(알림)
273,아,이용자,전자문서의 교환 등 시스템의 이용을 위해 「국방전자조달시스템 이용에 관한 약관」에 따라 지정공인인증기관으로부터 발급받은 인증서를 이용하여 독립된 1인의 업무단위(전자문서사용자ID)로 등록한 업무담당자를 말한다.,국방전자조달시스템 전자계약 사무처리지침 제2조
274,아,이월,"예산의 이월은 세출예산 중 연도내 미지출액을 당해연도를 넘겨 다음연도에 지출하는 것을 말하며 국가재정법의 ""회계연도 독립의 원칙""의 예외조항으로 운영된다.",조달관리 실무과정
275,아,이윤율,"방산원가에서 이윤율은 이윤의 계산에 필요한 기본보상율, 기술위험보상율, 계약위험보상율, 계약수행노력보상율, 원가절감노력보상율, 설비투자노력보상율, 경영노력보상율 등을 말한다.",방산원가시행세칙 제2조
276,아,이행보증금,P-Bond(Performance Bond). 계약의 이행을 확보하기 위한 물적 담보로서 계약불이행의 경우에 국가가 입은 손해의 배상을 용이하게 하려는 목적으로 계약 상대방으로부터 일정한 금액을 징수하는 손해배상에 대한 예정액의 성격을 갖는다.,국방전력발전업무훈령 별표
277,아,인증공급자명부,물품등의 유형별로 입찰에 참가할 수 있는 자격을 미리 정한 후 그 자격을 갖춘 자중 입찰참가가 가능한 자를 기록한 명부를 말한다.,특정물품조달특례규정 제2조
278,아,인지세,국내에서 재산에 관한 권리 등의 창설·이전 또는 변경에 관한 계약서나 이를 증명하는 그 밖의 문서를 작성할 때 납부하는 세금을 말한다. 법 개정에 따라 2011년 1월부터 전자계약문서도 인지세 부과 대상에 포함됨에 따라 국방전자조달시스템 전자계약 시 인지세 확인 및 관리 기능이 추가되었다.,인지세법 제1조
279,아,일괄계약,"계약의 주체인 국가는 주장비 체계조립업체와 모든 무기체계를 묶어서 계약을 체결하고, 주 계약업체는 구성품에 대해서는 업체 책임 하에 하도급으로 사급계약을 체결하는 계약형태를 말한다.","일괄,분리계약"
280,아,일괄입찰,정부가 제시하는 공사일괄입찰기본계획 및 지침에 따라 입찰시에 그 공사의 설계서 기타 시공에 필요한 도면 및 서류를 작성하여 입찰서와 함께 제출하는 설계·시공일괄입찰을 말한다.,국계법 시행령 제79조
281,아,일반개산계약,계약을 체결하는 때에 계약금액을 확정할 수 있는 원가자료가 없어 계약금액을 계약이행 후에 확정하고자 하는 경우에 체결하는 계약을 말한다.,방위사업법 시행령 제61조
282,아,일반대형공사,공사비가 계속비예산으로 계상되지 아니한 대형공사를 말한다.,국계법 시행령 제79조
283,아,일반물자,방산물자를 제외한 물자를 말한다.,방위사업관리규정 별표
284,아,일반예산,회계연도 내에 원인행위하여 동일 회계연도에 지출하도록 편성된 예산을 말한다.,조달관리 실무과정
285,아,일반확정계약,계약을 체결하는 때에 계약금액을 확정하고 합의된 계약조건을 이행하면 계약상대자에게 확정된 계약금액을 지급하고자 하는 경우에 체결하는 계약을 말한다.,방위사업법 시행령 제61조
286,아,일반회계,국가의 고유활동을 수행하는데 필요한 예산을 말한다.,계약업무 CHECKPOINT
287,아,입찰,경쟁방법을 통한 조달집행시 입찰내용을 국방전자조달시스템에 공고하여 불특정 다수인이 입찰에 참여하도록 유인하고 국가에 가장 유리한 조건을 제시한 자를 선정하기 위한 일련의 업무절차를 말한다.,계약실무편람
288,아,입찰공고,"계약에 관한 제반조건을 일반인에게 알려서 다수인으로 하여금 경쟁에 참가하게 하여 그 중에서 국가에 가장 유리한 조건을 제시한 자를 선정하여, 계약을 체결하기 위한 것으로 국방전자조달시스템을 이용해 공고하고 필요한 경우에 일간신문 등에 게재하는 방법을 병행할 수 있다. 국방전자조달시스템에 게시된 입찰공고는 나라장터로 입찰공고 정보가 연계되어 나라장터에도 동시에 게시된다. 입찰공고에는 입찰에 부치는 사항, 입찰 또는 개찰의 장소와 일시, 현장설명 관련 사항, 입찰참가자의 자격, 입찰참가등록, 입찰관련서류, 입찰보증금, 낙찰자결정방법, 계약 착수일과 만료일, 전자조달시스템을 이용한 입찰서 제출 방법 등 입찰에 필요한 사항이 명시되어야 한다.","계약상식 질의응답집, 국계법 시행령 제33조, 제36조"
289,아,입찰공고 자동연기,운영자가 통제할 수 없는 시스템 장애로 인해 사용자가 입찰에 참여할 수 없게 되는 경우 입찰참가 기회를 보장하기 위해 입찰공고의 마감일시를 자동연기 처리하는 것을 말한다. 연기처리 기준은 국방전자조달시스템 이용에 관한 약관에 명시되어 있다.,국방전자조달시스템 이용에 관한 약관
290,아,입찰공고번호,"국방전자조달시스템의 입찰공고번호는 아래와 같은 규칙으로 부여된다. 1. 공고번호 = 부서명(영문자 3자리) + 공고순서(숫자 4자리) 2. G2B공고번호(나라장터 공고번호) = 공고년도(숫자 4자리) + 부서명(영문자 3자리) + 공고순서(숫자 4자리) + 판단번호(4~5자리) 또는 공사번호(10자리) 공고번호 뒤에는 공고차수가 같이 표기되며 최초 입찰공고가 01차수가 되고 이후 재공고, 연기공고, 취소공고 등 게시되는 순서에 따라 02,03,04...차수로 표기된다.",정보화기획담당관
291,아,입찰공고일자,입찰공고가 국방전자조달시스템(인터넷)상에 게시된 날짜로써 시스템상 표기되는 공고일자와 입찰공고문(첨부파일)상의 공고일자가 다를 경우 시스템상 표기되는 공고일자를 우선으로 한다.,정보화기획담당관
292,아,입찰금액사유서,"입찰자가 제출한 공종별 입찰금액 단가산출의 기초자료 및 그 증빙서류, 입찰참가자가 직접 물량내역서를 작성한 경우에는 그 수량산출서 등을 말한다.",계약예규 5. 제2조
293,아,입찰당시가격,물가변동으로 인해 계약금액을 조정하는 경우 입찰서 제출마감일 당시 산정한 각 품목 또는 비목의 가격을 말한다.,국계법 시행규칙 제74조
294,아,입찰대리인,"업체대표자를 대신하여 국방전자조달시스템을 통한 전자입찰에 참여할 수 있는 대리자를 말한다. 입찰대리인 역시 조달청 나라장터에 대리인 정보와 공인인증서, 지문인식 등록을 완료해야 국방전자조달시스템의 입찰에 참여할 수 있다.",정보화기획담당관
295,아,입찰등록심사,입찰참가자가 해당 입찰에 참여할 수 있는지 공장등록 등 자격조건을 계약담당공무원이 심사하는 것을 말한다. 국방전자조달시스템의 등록심사는 심사 시점에 따라 사전심사와 사후심사로 구분된다.,정보화기획담당관
296,아,입찰보증금,"경쟁입찰에 참가하고자 하는 자가 입찰시 계약의 체결을 담보하는 보증금으로 납부하는 것을 말하며 입찰금액의 5/100 이상으로 하여야 하고, 입찰참가 등록마감일까지 입찰참가자가 입찰참가신청서와 함께 납부해야 한다.",계약상식 질의응답집
297,아,입찰보증서,"입찰보증금의 액수, 제출 방법 등을 기술한 문서를 말한다. 입찰보증금은 시스템에서 입찰참가신청서를 제출할 때 제출 방법을 선택할 수 있으며 전자보증서, 증권 등의 방법 또는 관련법령에 따른 입찰보증금 납부 면제 사유를 선택할 수 있다.",정보화기획담당관
298,아,입찰서,"입찰자가 자신이 입찰에 참여하고자 하는 금액을 적은 문서로 국외조달 등 시스템을 이용하기 어려운 경우 등을 제외하고는 국방전자조달시스템을 이용해 제출하여야 하며, 한번 제출한 입찰서는 변경할 수 없다.",국계법 시행령 제39조
299,아,입찰서제출마감일시,"입찰공고에 명시된 마감일 중 하나로 이 마감일시까지 입찰서를 제출해야 입찰에 참여한 것으로 인정된다. 입찰서는 등록심사 시점에 따라 사전심사인 경우 입찰참가신청서의 심사가 완료된 후에 제출 가능하며, 사후심사인 경우에는 입찰참가신청서 제출 후 곧바로 이어서 입찰서 제출이 가능하다.",정보화기획담당관
300,아,입찰안내서,"대안입찰 또는 기본설계입찰에 참가하고자 하는 자가 당해공사의 입찰에 참가하기 전에 숙지하여야 하는 공사의 범위·규모, 설계·시공기준, 품질 및 공정관리 기타 입찰 또는 계약이행에 관한 기본계획 및 지침등을 포함한 문서를 말한다.",국계법 시행령 제79조
301,아,입찰참가등록마감일시,입찰공고에 명시된 마감일 중 하나로 이 마감일시까지 입찰참가신청서류를 제출해야 입찰서를 제출할 수 있다.,계약예규 10. 제3조의2
302,아,입찰참가신청서,"입찰에 참여하기 위해서는 먼저 해당 입찰공고에 대해 입찰참가신청서를 제출하여야 한다. 국방전자조달시스템에서 작성하는 입찰참가신청서에는 해당 품목내역, 업체내역이 표시되며 공고문에서 제시한 서류를 첨부할 수 있고 입찰보증금(납부방법 또는 면제사유 선택) 기재, 시스템 약관과 특별유의서에 동의하는 내용 등이 포함된다.",정보화기획담당관
303,아,입찰참가자격사전심사,PQ심사. 입찰참가자격의 적정성을 사전에 심사하며 시설공사의 경우 추정가격이 100억원 이상인 공사입찰은 예정가격 이하로서 최저가격으로 입찰한 자부터 입찰금액의 적정성을 심사하여 낙찰자를 결정한다.,국계법 시행령 제42조
304,자,장기계속계약,"임차, 운송, 보관, 전기·가스·수도의 공급, 그 밖에 그 성질상 수년간 계속하여 존속할 필요가 있거나 이행에 수년을 요하는 계약에 대해 체결하는 계약으로 각 회계연도 예산의 범위에서 해당 계약을 이행하여야 한다. 방위사업청은 생산기간이 1년 이상 소요되는 무기체계 연구개발 또는 양산 계약 시 주로 사용하는 계약이다.","국계법 제21조, 계약실무편람"
305,자,장기계약,계약기간이 2회계연도 이상에 걸치는 계약을 말한다.,방위사업법 시행령 제60조
306,자,장기옵션계약,"계약을 체결할 때에 5년을 넘지 아니하는 범위에서 계약기간을 정하고, 예측 소요물량에 대한 가격, 기간 및 계약해지 등에 대한 변경조건을 설정하는 경우에 체결하는 계약을 말한다.",방위사업법 시행령 제61조
307,자,장애복구시각,실제로 시스템 장애가 복구된 시각으로 시스템 운영자가 국방전자조달시스템에 공지한다.,국방전자조달시스템 이용에 관한 약관
308,자,장애시간,시스템 장애로 인해 정상적인 업무를 볼 수 없는 시간으로 시스템 운영자가 국방전자조달시스템에 공지한 장애시작시각부터 장애복구시각까지의 시간을 의미한다.,국방전자조달시스템 이용에 관한 약관
309,자,장애시작시각,실제로 시스템 장애가 시작된 시각으로 시스템 운영자가 국방전자조달시스템에 공지한다.,국방전자조달시스템 이용에 관한 약관
310,자,재공고입찰,입찰자나 낙찰자가 없는 경우 또는 낙찰자가 계약을 체결하지 아니하는 경우에는 재공고입찰에 부칠 수 있다.,국계법 시행령 제20조
311,자,재료비,"제조원가를 구성하는 직접재료비, 간접재료비를 말한다. 직접재료비는 계약목적물의 실체를 형성하는 물품의 가치로서 주요재료비와 부분품비를 말하며, 간접재료비는 계약목적물의 실체를 형성하지는 않으나 제조에 보조적으로 소비되는 물품의 가치로서 소모재료비와 소모공구ㆍ기구ㆍ비품비, 포장재료비를 말한다.",계약예규 2. 제9조
312,자,재입찰,경쟁입찰에 있어서 2인 이상의 유효한 입찰자가 없거나 낙찰자가 없을 경우 같은 장소에서 재입찰에 부칠 수 있다.,국계법 시행령 제20조
313,자,적격심사,"국고의 부담이 되는 경쟁입찰에 있어서 계약대상자를 결정할 때, 기획재정부 장관이 고시하는 금액이상 입찰품목에 대하여는 입찰결과 최저가격을 제시한 업체 순으로 적격심사기준에 따라 심사하여 최종적으로 낙찰자를 결정하는 행위를 말한다.",계약실무편람
314,자,전력운영비,국방 운영을 위한 운영유지 비용으로 편성된 예산으로써 과거 '경상사업비'가 명칭이 바뀐 용어이다.,계약업무 CHECKPOINT
315,자,전문연구기관,"방위산업물자의 연구개발ㆍ시험ㆍ측정, 방위산업물자의 시험 등을 위한 기계ㆍ기구의 제작ㆍ검정, 방위산업체의 경영분석 또는 방위산업과 관련되는 소프트웨어의 개발을 위하여 방위사업청장의 위촉을 받은 기관을 말한다.",방위사업법 제3조
316,자,전비품,"군수품관리법에 따른 군수품으로서 「군사기밀보호법」에 따른 군사기밀에 속하는 군수품(비밀도서, 비밀지도 및 비밀연구기재 포함),「군사기지 및 군사시설 보호법」에 따른 군사기지 및 군사시설 보호구역에 보관되거나 배치된 군수품,  전투장비 및 전투지원장비와 이들을 운용하는 데에 필요한 보조장비(탑재 또는 장착되는 장비 포함), 수리부속품 및 탄약류를 말한다.",군수품관리법 시행령 제1조의2
317,자,전자계약,"전자문서 및 전자거래 기본법, 전자서명법에 따라 효력 있는 전자서명으로 전자문서를 통해 계약 체결하는 행위를 말한다.",정보화기획담당관
318,자,전자문서,"정보처리시스템에 의하여 전자적 형태로 작성, 송신ㆍ수신 또는 저장된 정보를 말하며 국방전자조달시스템에서 처리되는 입찰서, 입찰참가신청서, 계약서, 검사 및 납품조서 등 각종 문서가 여기에 해당된다.",전자문서 및 전자거래 기본법 제2조
319,자,전자문서유통,"EDI(Electronic Data Exchange). 국방전자조달시스템 대메뉴 중의 하나로 조달업체와 방위사업청 계약담당공무원, 각 군부대 계약관, 국방기술품질원 검사관 등이 전자계약체결, 인지세 납부, 전자세금계산서 발생, 검사 및 납품조서 발행 등 전자문서를 주고 받아 업무를 처리하는 체계를 말한다.",정보화기획담당관
320,자,전자민원창구,"청 홈페이지의 전자민원창구, 국방전자조달시스템 전자민원창구, 국민신문고(www.epeople.go.kr)의 민원신청 메뉴를 말한다. 본 메뉴를 통해 민원인은 온라인상에서 민원을 등록하고, 답변을 받을 수 있다.",방위사업민원사무처리규정 제4조
321,자,전자서명,서명자를 확인하고 서명자가 당해 전자문서에 서명을 하였음을 나타내는데 이용하기 위하여 당해 전자문서에 첨부되거나 논리적으로 결합된 전자적 형태의 정보를 말한다.,전자서명법 제2조
322,자,전자세금계산서 제도,"2010년 1월부터 국세청에서 시행한 제도로써 국가기관 및 지방자치단체로 하여금 매출시 수기로 발행하던 세금계산서를 전자적 방법으로 교부, 전송하도록 하고, 법인사업자로부터 세금계산서를 받을 경우에는 전자메일 방식으로 받도록 한 제도를 말한다. 본 제도 시행에 따라 국방전자조달시스템에서 대금청구 시 작성한 세금계산서를 국세청으로 연계할 수 있도록 개선되었다.",전자세금계산서 제도시행 통보
323,자,전자입찰,"국가를 당사자로 하는 계약법 시행령에 따라 국방전자조달시스템을 이용하여 행하여지는 입찰을 말하며, 특별한 규정이 있는 경우를 제외하고는 전자조달시스템을 이용한 전자입찰로 행하도록 되어 있다.",국방전자조달시스템 이용에 관한 약관 제2조
324,자,전자입찰자,국방전자조달시스템을 이용하여 전자입찰에 참가하는 국내 · 외 조달업체의 대표자 또는 위임 받아 업무를 처리하는 자를 말한다.,국방전자조달시스템 이용에 관한 약관 제2조
325,자,전차공사,금차공사와 동일체 구조물을 형성하여 장래 하자발생시 그 책임구분이 불분명한 사유(하자사유)가 발생될 수 있는 하자보수 보증기간 내 또는 시공 중에 있는 전차 구조물이거나 금차 공사기간 대비 시공 중인 공사의 잔여 공사기간의 비율(시간적중복도)이 40%이상이고 공간적으로 중복되어 작업상 혼잡을 야기할 수 있는 공사를 말한다.,계약업무처리훈령
326,자,절충교역,"외국으로부터 군수품을 획득할 때 외국 계약자에게 기술이전 및 부품 역수출 등 일정한 반대급부를 요구하는 조건부교역으로서 현금지급이 아닌 절충교역 가치(Offset Value)로 인정하는 것을 말하며, 이는 획득하고자 하는 군용물자와 관련된 기술이전 및 부품수출에 관한 직접절충교역과 획득하고자 하는 군용물자와 직접 관련이 없는 간접절충교역의 두 가지 형태로 구분한다.","방위사업법 제3조, 방위사업관리규정 별표"
327,자,절충교역 양해각서,"Offset MOU(Offset Memorandum Of Understanding). 국외업체와 각급기관 또는 국외업체와 국내업체간에 절충교역과 관련하여 상호간의 권리,  의무에 관한 사항을 명시한 문서를 말한다.",방위사업관리규정 별표
328,자,절충교역 합의각서,Offset MOA(Offset Memorandum Of Agreement). 절충교역과 관련하여 방위사업청과 국외도입물자를 계약한 국외업체간의 절충교역 계약조건과 제안내용에 대한 합의사항을 명시한 문서를 말한다.,방위사업관리규정 별표
329,자,접합금액,"전차공사 구조물과 기능이 상호 연결되어 동일체구조물을 형성하여 하자사유가 발생되고, 동일인이 계속하여 시공함이 적합하다고 판단되는 금차 공사금액 중 하자담보책임기간 내에 시공하는 금차 공사금액으로서  “접합금액”은 횡 또는 종방향으로 접합 시공되는 금액을 말하며, 하자담보책임기간 내에 당해 구조물을 시공하는데 필요로 하는 재료비(도급자설치 관급금액 포함, 이하 같다), 노무비, 산출경비, 제경비 등을 합한 완성 공사비를 기준으로 계산한다.",계약업무처리훈령
330,자,정부조달,"국민으로부터 받은 세금을 주요 재원으로 하는 정부나 공공기관이 공공재를 공급하기 위해서 민간부문으로부터 물품이나 건설공사 및 설계, 컨설팅 업무 등의 일정한 서비스를 구매하는 행위를 의미한다",국내외 전자조달서비스 분석
331,자,정산원가,방산원가에서 정산원가란 개산계약 체결분에 대한 계약금액의 결정을 위하여 해당 계약을 이행할 때에 실제 발생된 원가자료를 기초로 하여 당초의 개산원가를 수정한 원가를 말한다.,방산원가대상물자의원가계산에관한규칙 제2조
332,자,정상공고,국방전자조달시스템에 최초 게시된 입찰공고를 말한다.,정보화기획담당관
333,자,정정공고,입찰공고의 내용이 변경되는 경우 내는 공고를 정정공고라 한다.,정보화기획담당관
334,자,제안서,"협상에 의한 계약에 의한 입찰에 참고하고자 하는 자가 제안요청서 또는 입찰공고에 따라 공급자가 수행하려는 계획, 일정, 방법 등 구체적인 내용을 작성하여 계약담당공무원에게 제출하는 서류를 말한다. 각 업체가 제출한 제안서를 대상으로 기술능력과 입찰가격을 종합적으로 평가하며, 제안서 평가 결과 1순위 업체가 협상 우선 대상자로 선정된다.","국계법 시행령 제43조, 계약예규 6. 제2조, 제7조"
335,자,제안설명회,제안서평가시 제안(Proposal) 내용의 진위 확인 및 보충설명을 위해 사업에 참여하고자 제안서를 제출한 업체에서 제안내용을 제안서평가팀에게 설명해 주는 회의를 말한다.,사업관리본부 내규
336,자,제안요청서,"RFP(Request For Proposal). 발주기관이 해당 품목에 대해 요구하는 규격, 성질, 규모 등을 기재한 문서로 협상에 의한 계약 시 입찰에 참여하고자 하는 자에게 교부하여 제출받는 서류를 말한다.",계약예규 6. 제2조
337,자,제조원가,"계약목적물을 제조하는 과정에서 발생하는 재료비, 노무비, 경비의 합계액을 말한다. 다만, 관급재료비는 제외한다.","계약예규 2. 제7조, 방산원가대상물자의원가계산에관한규칙 제2조"
338,자,제한경쟁입찰,"일반경쟁과는 달리 경쟁참가자의 자격을 제한하는 입찰로서 공사실적, 물품제조실적, 품질인증 여부, 용역수행실적, 영업소의 소재지, 중소기업제품 여부 등에 따라 참가 자격이 제한된다.",국계법 시행령 제21조
339,자,조달,"Procurement. 경제주체의 활동에 필요한 적정한 물자, 시설 또는 용역을 필요한 시기와 장소에 획득함으로써 경제주체의 활동을 원활하게 하는 것을 말한다.",국방전력발전업무훈령 별표
340,자,조달계획,"군수품의 조달 방법, 시기, 품목 등의 계획을 수립한 것으로 방위사업청은 이에 따라 군수품을 조달한다.",방위사업법 제25조
341,자,조달원 관리지침,"국계법에 따라 방위사업청 입찰 및 계약에 참여를 희망하는 신규 및 기존 조달원의 각종 등록 및 관리에 관한 사항을 규정함을 목적으로 하는 방위사업청 예규이다. 주요 내용으로는 조달원 구분, 등록 절차, 품목 등록, 관리 등이 있으며 감사관실(고객지원센터)에서 담당한다.",조달원 관리지침
342,자,조달원 등록증,"방위사업청에서 발주하는 국내조달/국외조달 입찰에 참여할 수 있는 조달업체임을 증명하는 등록증을 말한다. 국내조달원 등록증에는 품목등록 내용이 포함되며, 국내조달원 등록증/국외조달원 등록증은 국방전자조달시스템 메인화면 좌측 하단 - 조달서비스 - 사이버 고객센터 - 조달원등록증 국내 | 국외 메뉴에서 확인 및 출력이 가능하다.",조달원 관리지침 제7조
343,자,조달원(조달업체),국방전자조달시스템을 통하여 전자거래를 하기 위하여 국방전자조달시스템 전자입찰 특별유의서에 따라 등록된 업체로서 입찰 및 계약에 참여하는 업체를 말한다.,국방전자조달시스템 전자입찰 특별유의서 제2조
344,자,조달정보 공개/개방,"정부3.0 세부 과제 중의 하나인 공공데이터 개방 정책에 따라 방위사업청은 각종 공공데이터 개방을 추진하고 있으며 조달정보 역시 적극적으로 개방해나가고 있다. 조달정보 공개/개방은 국방전자조달시스템의 조달계획, 입찰공고, 입찰결과, 계약정보 등 여러 조달정보(비공개 대상 정보는 제외)를 종합페이지에 모아 한곳에서 쉽게 찾아볼 수 있는 서비스를 말하며, 정보 조회 및 엑셀다운로드 등을 통해 편리하게 얻을 수 있다.",정보화기획담당관
345,자,조달청 구매,"방위사업법에 따라 군수품 조달은 방위사업청에서 주관하는 중앙조달, 각 군부대에서 직접 조달하는 부대조달, 또는 조달청에 요청하여 구매하는 조달청 구매로 나눌 수 있다.",방위사업법 제25조
346,자,조달판단,"사업관리부서 및 기관의 조달요구품목의 구매추진에 필요한 사전판단 절차로서 계약방법, 조달원, 예산 등을 확인 검토 및 결정하는 일련의 과정을 말한다.",방위사업관리규정 별표
347,자,조사금액,예정가격을 결정하기 위하여 가격조사 또는 원가계산방식에 의하여 산정한 금액으로서 기초예비가격 결정의 기준이 되는 가격을 말한다.,계약업무처리훈령
348,자,종합계약,"같은 장소에서 다른 관서, 지방자치단체 또는 공기업 및 준정부기관이 관련되는 공사 등에 대해 관련 기관과 공동으로 발주하는 계약",국계법 제24조
349,자,종합계약공사,"조달청장이 종합계약에 의하는 것이 적합하다고 인정한 간선시설공사로서 도로관리청이 동 계약방식에 의할 것을 조건으로 허가·협의 또는 승인하거나, 사업실시계획의 승인 또는 인가권자가 동 계약방식에 의하도록 승인·인가한 사업실시계획상의 간선시설공사를 말한다.",계약예규 15. 제2조
350,자,주계약자,주계약자관리방식의 공동계약에서 공동수급체 구성원 중에서 전체 건설공사의 이행에 관하여 종합적인 계획관리조정을 하는 자를 말한다.,계약예규 8. 제2조
351,자,주계약자관리방식,"공동계약의 유형 중 하나로 건설산업기본법에 따른 건설공사를 시행하기 위한 공동수급체의 구성원중 주계약자를 선정하고, 주계약자가 전체 건설공사 계약의 수행에 관하여 종합적인 계획관리 및 조정을 하는 공동계약을 말한다. 이 경우 종합건설업자와 전문건설업자가 공동으로 도급받은 경우에는 종합건설업자가 주계약자가 된다.",계약예규 8. 제2조의2
352,자,중도금,"장기계속계약에 있어서 관계증빙서류에 의하여 계약상대자의 자금지출이 착수금을 초과하여 사용된 것이 확인되고, 계약상대자가 당해 계약의 이행을 위하여 계약상대자의 자금을 사용하였음을 증빙하는 서류를 첨부하여 자금지급을 청구하는 때에 지급되거나 착수금에서 전환되는 금액을 말한다.",계약상식 질의응답집
353,자,중도확정계약,계약의 성질상 계약을 체결하는 때에 계약금액의 확정이 곤란하여 계약을 체결한 후 계약이행기간 중에 계약금액을 확정하고자 하는 경우에 체결하는 계약을 말한다.,방위사업법 시행령 제61조
354,자,중복금액,"전차공사 구조물과 기능이 상호 연결되어 동일체구조물을 형성하여 하자사유가 발생되고, 동일인이 계속하여 시공함이 적합하다고 판단되는 금차 공사금액 중 하자담보책임기간 내에 시공하는 금차 공사금액으로서 “중복금액”은 수직적 분할(상ㆍ하)로 접합 시공되는 금액을 말하며, 하자담보책임기간 내에 당해 구조물을 시공하는데 필요로 하는 재료비(도급자설치 관급금액 포함, 이하 같다), 노무비, 산출경비, 제경비 등을 합한 완성 공사비를 기준으로 계산한다.",계약업무처리훈령
355,자,중소기업자간 계약이행능력심사,’06.1월부터 「중소기업제품 구매촉진 및 판로지원에 관한 법률」에 따라 중소기업청장이 지정하는 중소기업자간 경쟁물품에 대한 경쟁입찰 시 적용하기 위해 적격심사와 별도로 도입된 제도를 말한다.,계약실무편람
356,자,중앙조달,"방위사업법에 따라 군수품 조달은 국방예산의 효율적인 집행을 위하여 방위사업청에서 일괄적으로 조달하며, 이를 중앙조달이라 한다. 즉 국방전자조달시스템에서 발주기관이 방위사업청 계약부서로 되어 있는 입찰은 중앙조달이라 볼 수 있고 부대조달과는 달리 품목등록 신청 및 승인이 완료되어야 입찰에 참여할 수 있다.",방위사업법 제25조
357,자,지명경쟁입찰,일반경쟁과는 달리 경쟁입찰에 참여할 참가자를 계약관이 지명하여 입찰에 참여시키는 입찰 방법을 말하며 지명할 수 있는 조건은 관계법령에 규정되어 있다.,국계법 시행령 제23조
358,자,지문보안토큰,"조달청 「나라장터 Bio보안토큰 제품 지정 및 관리규정」에 따라 Bio보안토큰으로 지정된 제품으로서 전자서명생성키, 지문 등 비밀정보를 안전하게 저장·보관하기 위하여 키 생성·전자서명 생성 등이 기기내부에서 처리되도록 구현된 하드웨어 기기를 말한다.",국방전자조달시스템 이용에 관한 약관 제2조
359,자,지문인식 신원확인 적용예외 신청,"입찰참가 방식이 지문인식 신원확인 전자입찰인 경우, 지문보안토큰에 장애가 발생하거나 지문이 인식되지 않는 경우 등으로 지문보안토큰을 이용한 전자입찰서의 제출이 곤란한 경우에는 별도의 지문인식 신원확인 적용예외 신청서를 입찰서제출 마감일시까지 국방전자조달시스템을 통해 제출하면 48시간 동안 기존 공인인증서에 의해 전자입찰서를 제출할 수 있도록 하는 제도를 말한다. 국방전자조달시스템 - 지문인식 로그인에서 신청할 수 있다. (전자입찰자별로 2회까지 제출 가능하며, 조달청을 방문하여 지문인식오류 사유서 제출, 지문보안토큰 점검 등 필요한 조치를 취해야 한다)",국방전자조달시스템 이용에 관한 약관 제12조
360,자,지문인식 신원확인 전자입찰,"전자입찰자의 신원확인을 위해 지문보안토큰을 이용하는 전자입찰을 말한다. 본 제도는 업체 간 담합, 브로커 개입 등 불법투찰을 방지하기 위해 지난 '10년부터 도입되었으며 입찰서 제출을 위해서는 반드시 지문보안토큰을 통해 로그인을 해야 한다. (단, 예외적인 경우에 한해 지문인식 예외신청 가능)",국방전자조달시스템 이용에 관한 약관 제2조
361,자,지식기반사업,"정보과학기술 등 집약도가 높은 지식을 활용하여 고부가가치를 창출하는 사업으로 관련 규정에 따른 엔지니어링사업, 정보통신산업, 정보화에 관한 사업, 산업디자인에 관한 사업, 문화산업, 온라인디지털콘텐츠산업, 기초과학 및 응용과학에 관한 학술연구용역 등이 있다.",국계법 시행령 제43조의2
362,자,지역분할단가제,"방위사업청 중앙조달 식품류 입찰에서 실시되는 제도로 전 군을 4개 또는 8개 지역으로 구분하여 지역별로 입찰을 실시하여, 각 지역별 낙찰업체와 계약을 체결하는 입찰방법을 말하며 업체의 생산능력 제한, 중소기업자간 경쟁품목 등과 같이 조달의 안정성이 요구되는 품목에 대해서는 제품의 특성과 지역 내의 수송여건 및 조달업체의 수를 고려하여 지역분할에 의한 계약을 체결할 수 있다.","국방조달 참여 길라잡이, 방위사업관리규정 제390조 8항"
363,자,지역업체,"시설공사에 있어 공동수급체 구성원 중 당해 공사현장을 관할하는 특별시, 광역시 및 도에 주된 영업소가 소재한 업체",계약예규 3. 별표2
364,자,지역제한,경쟁입찰에서 조달업체의 주된 영업소 위치에 따라 입찰 참여를 제한하는 것을 말한다. 주된 영업소가 공사의 현장·납품지 등이 소재하는 시·도의 관할구역 안에 있는 자로 제한되며 이때 주된 영업소의 소재지 기준일은 입찰공고일 전일로 하며 계약체결일까지 계속 유지되어야 한다. 지역제한 위치는 국방전자조달시스템 - 입찰공고 내역 - 위치 에서 확인 가능하다.,계약예규
365,자,지정공인인증기관,전자서명법에 의한 공인인증기관 중 국가종합전자조달시스템(나라장터) 운영자가 지정하여 국방전자조달시스템 상의 인증업무를 수행하는 기관,전자서명법 제2조
366,자,지체상금,정당한 이유 없이 계약의 이행을 지체한 계약상대자에 그 기간에 해당하는 금액을 상정하여 부과하는 금액으로 지체상금 = 계약금액 X 지체상금율 X 지체일수로 산출한다.,국계법 제26조
367,자,지체상금 보증보험제도,지체상금이 있는 납품대가 청구시 계약상대자가 지체상금 면제원과 지급보증서를 제출할 경우 납품대가전액을 우선 지급하고 향후 지체상금 면제승인결과에 따라 확정된 지체상금 및 약정이자를 환수하는 제도를 말한다. (방위사업청 중앙조달만 해당),조달관리 실무과정
368,자,지출결의,국고금관리법에 따라 재무관이 지출원인행위를 하는 경우 관련법령 등에서 정한 지출시기가 도래하기 전에 지출결의서를 작성하여 지출관에게 송부하는 행위를 말한다.,조달관리 실무과정
369,자,지출심사,재무관의 지출원인행위 업무 과정에서 계약업체의 계약이행 대가 및 선급금 청구에 대하여 제반사항을 확인하고 지출결의하여 지출관에게 지출의뢰하는 것을 말한다.,조달관리 실무과정
370,자,지출원인행위,「국고금 관리법」에 따른 재무관이 세출예산·계속비·국고채무부담행위 및 기금운용계획에 따라 지출의 원인이 되는 계약 등을 하는 것을 말한다.,국고금 관리법 시행령 제2조
371,자,지하구,"복수의 기관들이 각각 필요한 전기, 전기통신, 가스, 상하수도시설 등을 동시에 설치할 수 있도록 된 터널형태의 지하구조물을 말한다.",계약예규 15. 제2조
372,자,추가업무,용역계약에서 계약목적의 달성을 위해 기본업무 외에 계약담당공무원이 추가하여 지시 또는 승인한 용역을 말한다.,계약예규 11. 제2조
373,차,착수금,계약상대자의 당해 계약이행을 위해 사용할 자금을 청구할 때에 정해진 지급기준에 따라 지급하는 금액을 말한다.,지출심사 실무지침서
374,차,책임감리,"발주기관이 발주하는 일정한 건설공사에 대하여 감리전문회사가 당해 공사의 설계도서, 기타 관계서류의 내용대로 시공되는지의 여부를 확인하고 품질관리, 시공관리, 공정관리, 안전 및 환경관리 등에 대한 기술지도를 하며, 발주기관의 위탁에 의하여 관계법령에 따라 발주기관의 감독 권한을 대행하는 것을 말하며, 책임감리는 이를 공사감리의 내용에 따라 계약단위별 공사 전부에 대하여 시행하는 전면책임감리와 계약단위별 건설공사중 주요구조물인 교량, 터널, 배수문 등 일부에 대하여 시행하는 부분책임감리로 구분한다.",계약예규 11. 제39조
375,차,책임감리원,발주기관과 체결된 감리용역계약에 의하여 감리전문회사를 대표하여 현장에 상주하면서 당해공사 전반에 관한 감리업무를 총괄하는 자를 말한다.,계약예규 11. 제39조
376,차,청렴서약제,"방위사업의 수행에 있어 투명성 및 공정성을 높이기 위해 청렴서약서를 제출받는 제도로 청렴서약서에는 불공정행위 금지, 금품향응 제공 금지, 특정정보 제공 금지 등의 내용을 담고 있다. 국방전자조달시스템으로 전자입찰에 참여하는 조달업체는 청렴서약서에 동의하여야 입찰에 참여할 수 있다.",방위사업법 제6조
377,차,총액계약,계약목적물 전체에 대한 총액으로 계약하는 것으로 통상적인 계약형태로서 대부분의 계약품목에 적용된다.,계약방법 형태별 내용 적용 현황
378,차,총원가,제조원가에 일반관리비를 합한 금액을 말한다.,방산원가대상물자의원가계산에관한규칙 제2조
379,차,최저가낙찰제,추정가격이 고시금액 미만인 물품입찰의 경우 예정가격 이하로서 최저가격으로 입찰한 자를 낙찰자로 결정하는 방법을 말한다.,민원질의응답집
380,차,추정가격,물품·공사·용역등의 조달계약을 체결함에 있어서 「국가를 당사자로 하는 계약에 관한 법률」에 의한 국제입찰 대상여부를 판단하는 기준등으로 삼기 위하여 예정가격이 결정되기 전에 산정된 가격을 말한다.,국계법 시행령 제2조
381,차,추정가액,특정물품등의 예정가격이 결정되기 전에 예산배정금액 및 예산산출기초자료등에 의하여 추산한 가액을 말한다.,특정물품조달특례규정 제2조
382,차,추정금액,공사에 있어서 「국가를 당사자로 하는 계약에 관한 법률 시행령」에 따른 추정가격에 「부가가치세법」에 따른 부가가치세와 관급재료로 공급될 부분의 가격을 합한 금액을 말한다.,국계법 시행규칙 제2조
383,차,취소공고,게시된 입찰공고를 취소하는 경우 취소공고가 게시되며 시스템 입찰공고 목록 상에 이전 입찰공고와 취소공고 모두 빨간색으로 표시된다.,정보화기획담당관
384,카,콜센터,"방위사업청은 고객지원 서비스를 위해 ARS 전화(1577-1118)를 운영하고 있으며, 국방전자조달시스템은 시스템 이용 안내를 위한 전용 콜센터를 별도로 운영하고 있다. 평일(근무일) 오전 9:00 ~ 오후 18:00까지 전문 콜센터 상담사를 통해 친절한 안내를 받을 수 있으며 시스템 상담을 원하는 분은 1577-1118 (1번)으로 연락하면 된다.",정보화기획담당관
385,타,통상품,군수품으로써 전비품 외의 것을 말한다.,군수품관리법 시행령 제1조의2
386,타,통합사업관리정보체계,"IPMS(Integrated Project Management System). 방위사업청 주 임무인 방위력개선사업 사업관리 및 계약관리 업무의 프로세스를 표준화하여 체계적으로 지원하는 핵심 시스템이다. 크게 사업관리(계획, 집행, 심의, 지원, 통제)와 계약관리(중앙조달 계획예산, 국내구매, 상업구매, FMS, 절충교역, 조달원, 회계) 분야가 통합된 형태로 구성되어 있으며 종합상황서비스와 대군/대민 협업 기능을 통해 방위사업 의사결정, 정보 공유 및 상호 소통에 기여한다.",정보화기획담당관
387,타,투찰,"입찰서를 제출하는 행위를 말하며, 국방전자조달시스템에서 투찰할 때는 지문보안토큰에 의한 지문인식 로그인을 해야 투찰이 가능하다. (부득이한 경우 지문인식 예외적용 신청은 가능)",정보화기획담당관
388,타,투찰가능금액,국외조달 역경매입찰에서 새로운 견적이 가능한 최대투찰금액을 말한다.,역경매입찰 특별유의서 제2조
389,타,특례조달계약,특정물품등의 조달을 위하여 체결한 계약(계약물품등의 조달에 부수하여 운송·하역·보험등의 용역의 제공을 수반하는 계약으로서 당해 용역의 가액이 당해 특정물품등의 가액을 초과하지 아니하는 것을 포함한다)으로서 그 추정가액이 기획재정부장관이 정하는 금액이상인 계약을 말한다.,특정물품조달특례규정 제2조
390,타,특별업무,용역계약에서 계약목적외의 목적을 위해 계약특수조건 등에 특별업무항목으로 기재되거나 계약담당공무원이 그 수행을 지시 또는 승인한 용역항목을 말한다.,계약예규 11. 제2조
391,타,특별회계,"일반회계와 구별하여 계리할 필요가 있을 때 법률로 설치하는 예산으로 특정한 사업을 운영할 때, 특정한 자금을 보유하여 운영할 때, 특정한 세입으로 특정한 세출에 충당코자 할 때 쓰이는 용어이다.",계약업무 CHECKPOINT
392,타,특정공사,총공사비 추정가격이 300억원 미만인 신규복합공종공사중 각 중앙관서의 장이 대안입찰 또는 일괄입찰로 집행함이 유리하다고 인정하는 공사를 말한다.,국계법 시행령 제79조
393,타,특정단체,"「국가를 당사자로 하는 계약에 관한 법률 시행령」에 따라 수의계약할 수 있는 자격을 갖춘 단체를 말하며 관련 법령에 따라 농공단지입주공장, 국가유공자자활용사촌, 전시동원업체, 특별법인, 사회복지법인, 상이단체, 장애인복지단체 등을 말한다.",특정단체 수의계약 업무처리지침 제2조
394,타,특정물품등,현금 및 유가증권을 제외한 물품과 프로그램중 기획재정부령이 정하는 것을 말한다.,특정물품조달특례규정 제2조
395,타,특정비목불확정계약,"계약을 체결하는 때에 계약금액을 구성하는 일부 비목의 원가를 확정하기 곤란하여, 원가확정이 가능한 비목만 확정하고 원가확정이 곤란한 일부 비목은 계약을 이행한 후에 확정하고자 하는 경우에 체결하는 계약",방위사업법 시행령 제61조
396,타,특정조달계약,국제입찰을 통하여 물품·공사 및 용역을 조달하기 위하여 체결하는 계약을 말한다.,계약업무처리훈령
397,파,판단번호,"조달판단번호. 조달판단에 따라 조달요구번호를 동일/유사품목 별로 묶어 부여한 번호를 말한다. 판단번호는 조달판단 이후 입찰공고, 계약에 이르기까지 해당 조달 건의 구분 기준이 된다. 방위사업청 중앙조달의 판단번호는 숫자 4자리(필요시 영문자 1자리 추가)로 구성되어 팀별/계약건별/담당별로 부여하므로 동일 팀내의 계약건끼리 판단번호가 겹치는 일은 없으나, 팀이 다른 경우 판단번호가 동일한 경우가 생길 수 있다. 부대조달(물품)의 판단번호는 숫자 5자리로 구성된다.",계약실무 편람
398,파,표준화,"Standardization. 군수품의 조달·관리 및 유지를 경제적·효율적으로 수행하기 위하여 표준을 설정하여, 이를 활용하는 조직적 행위와 기술적 요구사항을 결정하는 품목지정, 규격제정, 형상관리 등에 관한 제반활동을 말한다.",방위사업관리규정 별표
399,파,품목등록,"조달업체가 조달에 참여 가능한 물품의 종류를 등록하고 승인받는 일련의 절차를 말한다. 방위사업청 국방전자조달시스템과 조달청 나라장터는 각각 별도의 품목 체계를 사용하기 있기 때문에 나라장터에 등록한 품목과는 관계없이 국방전자조달시스템에 품목을 등록해서 승인을 받아야 하며, 특정 품목을 요구하는 입찰공고에 품목 승인이 되어 있지 않으면 입찰에 참여할 수 없다. 품목등록은 방위사업청 중앙조달 입찰 건만 해당되며, 부대조달 입찰 건은 해당되지 않는다. 품목등록현황을 확인하려면 국방전자조달시스템 - (좌측 하단)조달서비스 - 업체정보관리 - 국내업체관리 - 국내업체정보조회 - 내자정보를 조회하면 된다.","정보화기획담당관, 민원질의응답집"
400,파,품목등록 유효기간 제도,"2013년 12월부터 조달업체 품목등록 정보의 정확성과 최신성을 확보하기 위해 방위사업청 중앙조달 품목을 대상으로 도입된 제도로써 품목 등록일자로부터 3년의 유효기간을 설정하여 유효기간 만료 전에 품목갱신 재심사를 받게 하는 제도를 말한다. 유효기간 만료 전에 재심사를 받지 않은 품목에 대해서는 입찰에 참여할 수 없다. (단, 실제로 입찰참여제한은 제도 유예기간이 종료되는 2016.11.30까지 적용되지 않음)","고객지원센터, 정보화기획담당관"
401,파,품목명세서,"해당 품목에 대해 상세 정보를 담은 문서로 조달요구번호, 재고번호, 부품번호, 품명, 단위, 수량, 금액 등의 정보를 조회할 수 있다.",정보화기획담당관
402,파,품질보증,계약담당공무원이 요구한 조건에 부합하는지 여부를 확인하기 위하여 군수품의 품질을 검사하는 활동을 말한다.,물품제조구매계약특수조건표준(특정조달) 제2조
403,하,하도급,"도급받은 시설공사, 정보화사업, 용역 등 사업의 전부 또는 일부를 도급하기 위하여 수급인이 제3자와 체결하는 계약을 말하여, 하도급 받은 사업을 재하도급 하는 경우를 포함한다.",사업관리본부 내규
404,하,하자보수,소프트웨어사업에 있어 하자보수기간 중에 발견한 소프트웨어 또는 정보시스템 등의 결함 등을 수정하는 것을 말하며 계약상대자는 발주기관의 검사가 완료된 후 1년간 계약목적물의 하자에 대한 보수책임을 진다.,"계약예규 11. 제49조, 제58조"
405,하,하자처리,"하자품이 발생하였을 때 보고절차, 보고된 하자품의 기술조사와 분석, 군재산권 복구를 위한 요구 및 이행상태의 감독과 행정조치 등의 과정을 말한다.",기동화력계약팀 직무편람
406,하,하자품,"군수품의 치수, 재질, 성능, 및 시험방법에 대한 품질보증도가 기술자료에서 규정한 수치나 수준에 미달되어 계약조건을 충족하지 못하는 품목을 말한다.",기동화력계약팀 직무편람
407,하,한도액계약,BOA(Basic Ordering Agreement). 계약을 체결하는 때에 무기체계의 운용을 위한 주요장비의 수리부속품 및 정비를 효율적으로 확보하기 위하여 한도액을 설정하고 그 한도액내에서 수리부속품 및 정비를 일정기간 계약업체에 요구하고자 하는 경우에 체결하는 계약을 말한다.,방위사업법 시행령 제61조
408,하,현금,예산에서 현금은 장기계속계약 시 연부별 부기금액으로 이는 대형사업의 총사업비로 사업추진 시 IPT에서 연도별 예산을 부기하여 조달요구하며 이는 미확정된 예산이므로 당해 연도마다 국회의 승인을 받아 예산 확보하여 사업을 추진하게 된다.,계약업무 CHECKPOINT
409,하,현장설명,공사입찰에 있어서 그 공사의 성질·규모 등을 고려하여 실제 공사현장에서 입찰참가자의 적정한 시공을 위해 실시하며 추정가격이 300억원 이상인 공사의 경우에는 반드시 현장설명을 실시하여야 한다.,국계법 시행령 제14조의2
410,하,현장설명서,시설공사에서 현장설명시 교부하는 도서로서 시공에 필요한 현장상태 등에 관한 정보 또는 단가에 관한 설명서 등을 포함한 입찰가격 결정에 필요한 사항을 제공하는 도서를 말한다.,계약예규 9. 제2조
411,하,현재최저가격(마감전),국외조달 역경매입찰에서 입찰서 제출기간내에 제출된 입찰서 중 최저가격을 말한다.,역경매입찰 특별유의서 제2조
412,하,협력업체,계약상대자에게 원자재(소재 및 부재를 포함한다) 또는 중간재를 공급하거나 용역 등을 제공하는 다른 방산업체 등을 말한다.,방위산업에 관한 착수금 및 중도금 지급규칙 제 2조
413,하,협상대상자,협상적격자로서 협상순위에 따라 계약담당공무원과 제안서 내용을 대상으로 협상하는 자를 말한다.,계약예규 6. 제2조
414,하,협상에 의한 계약,"물품·용역계약에 있어서 계약이행의 전문성·기술성·긴급성, 공공시설물의 안전성 및 그 밖에 국가안보목적등의 이유로 필요하다고 인정되는 경우에 다수의 공급자들로부터 제안서를 제출받아 평가한 후 협상절차를 통하여 국가에 가장 유리하다고 인정되는 자와 체결하는 계약을 말한다.",국계법 시행령 제43조
415,하,협상적격자,제안서의 평가결과 협상에 의한 계약의 협상대상자가 될 수 있는 자격을 갖춘 자를 말한다.,계약예규 6. 제2조
416,하,혼잡금액,"금차 공사금액 중 시공 중인 전차공사와 시간적ㆍ공간적으로 중복되어 작업상 혼잡사유로 시공하는 금차 공사금액을 말하며, 시공 중복기간 내에 당해 구조물 시공에 필요한 재료비, 노무비, 산출경비, 제경비 등을 합한 완성공사비를 기준으로 계산한다.",계약업무처리훈령
417,하,확정채권,"전부확정채권과 부분확정채권을 말하며 계약상대자가 계약이행(급부행위)을 완료함으로써, 방위사업청으로부터 계약금액 전부에 대하여 청구할 권리가 발생한 채권을 전부확정채권이라 하고 계약이행(급부행위)을 분할할 수 있는 계약에 있어서, 방위사업청으로부터 분할이행된 부분에 해당하는 계약금액 일부에 대하여 청구할 권리가 발생한 채권을 부분 확정채권이라 한다.",방위사업관리규정 별표
418,하,회계연도,"국가의 세입,세출을 구분하기 위해 설정한 일정한 기간으로 회계연도는 매년 1월 1일에 시작하여 12월 31일에 종료한다.",국가재정법 제2조
419,하,획득,"군수품을 구매(임차 포함)하여 조달하거나 연구개발ㆍ생산(제조, 수리, 가공, 조립, 시험, 정비, 재생, 개량 또는 개조)하여 조달하는 것을 말한다.","방위사업법 제3조, 국방전력발전업무훈령 별표"
420,하,희망수량경쟁입찰,"일반경쟁입찰 중 다량의 물품을 제조,구매,매각할 경우에 그 수량의 범위 안에서 희망수량과 단가를 입찰하게 하는 입찰방법으로 1인의 능력으로 공급이 불가능하거나 수인의 공급자와 분할계약하는 것이 유리하다고 인정되는 경우 등에 사용한다.",국계법 시행규칙 제19조
